,Coffee,SoybeanOil,Corn,Cotton,HRWWheat,LeanHogs,LiveCattle,Soybeans,Sugar,Brent,NaturalGas,WTI,Gasoline,HeatingOil,Gold,Silver,Copper,Aluminium,Nickel,Zinc,Platinum
fx_dxy,0.06667456790852866,0.28259413514983706,-1.587462028982774,-0.11969397590483041,-0.8970769772075637,-1.882744173307552,0.6932812923865619,0.01527204412727335,-0.7216998823226698,0.8119205096436805,-1.2958990176039793,0.27564895437237336,-0.4392943250261759,0.41351616336315966,-1.9339167726410043,-1.7270933914098254,-1.510378220217858,-3.56156399982006,-0.5332393397999879,-3.0907893849307797,-1.9742247015537062
fx_bbdxy,0.474079195821035,-0.06163939363231484,-1.649511099040222,-1.0551731291025042,-1.3904419142212607,-1.6871007286692887,0.7679731587257681,-0.4144180376954941,-2.1139301777875024,-0.008484813217269311,-0.9250052433680702,-0.4712792980415524,-0.9130305260625479,-0.0051515457544684265,-3.509003233991032,-3.5700346780842724,-2.024888299340282,-4.48785630661602,-1.6595366827222091,-4.366291357797528,-3.679996878401055
fx_eurusd,-0.13480828419700358,-0.11810187245667914,0.9939150877256383,0.3158871859232198,0.42413255434382097,2.335961349091051,-0.8083508877302161,0.00827141999915256,0.13284278480898712,-1.122939887555261,1.5170164006511968,-0.4097594923216867,0.12029966169980223,-0.5903680269411923,2.8537389739040098,2.4947224854063084,1.9654059756776285,3.7207187675774556,0.5690513991469965,3.179983333478841,2.6748585405458547
fx_usdcnh,-0.41465348811157826,-2.524268896127856,-1.967666457793655,-1.5140510974566945,-2.0186855456652917,-2.1194705835544245,0.3933529633408778,-2.33301197603886,-2.1358277997234176,-1.5285545335542756,-1.0459753893563015,-1.7703710168057483,-1.2195542686301022,-1.1571736703792599,-1.4550817384734451,-2.4728386770574944,-2.258238594307264,-3.1470985770704627,-1.9307085481054787,-2.8982968497022457,-2.4481016025509
fx_audusd,1.2219804092006676,2.4326811121985843,2.7145462086171466,2.3145282613726397,3.2950137405718487,1.7150895786740803,1.1645386853036195,2.196352414589988,4.097150438639031,0.12364575829691322,0.6861104352397668,0.44157248471871463,0.5088768705217681,0.21478087994043246,3.1736440194409834,3.4979213368811006,2.6745452128179,3.841297633429492,2.9027583966759836,4.016981929545152,3.9188322044914656
fx_usdbrl,-2.616102259095524,-0.9251764167047538,-0.8841805839013824,-2.2518607300395606,-1.077382942224129,-1.5216030435676642,-1.0594893789229916,-1.0532607725516439,-4.402172221402298,-1.2367261760727855,0.3226974599938834,-0.7469320634321953,-0.6510624826032153,-0.0874219254863338,-3.1989750312995517,-2.9543414191104747,-1.2807101217168646,-3.5718492350737483,-1.666712351136652,-2.315827651079207,-4.105663510135144
fx_usdclp,0.8766239195644774,-2.0830066224614705,-1.0899424361111236,-1.3530270973910186,-1.6854654702739365,-1.3286386068271088,-0.6574495631132271,-0.42134301913214706,-2.2926059329928283,-1.1504657359298196,0.041906240082156654,-1.2411449409374313,-0.43867316932998374,-1.2092178669793636,-1.5161296384169796,-1.0374470138907774,-1.1403359731983744,-3.900237319577252,-1.0988033504705335,-2.0939190787809587,-1.041183617824296
fx_usdcad,-0.5519112582509184,-1.083653623113693,-1.2813055271394709,-0.860638191923692,-1.3878349803861398,-1.4535842659822376,0.614909071809529,-1.160467896728973,-2.6923170360618314,-0.5857933726482093,-0.9031359533853192,-0.40374350496931405,1.3128211287558298,0.1877691739738281,-3.442334347488089,-3.2202566307941396,-1.9045842600055065,-3.883092996164771,-0.9282458171171348,-3.3795932018634156,-3.991376096159163
fx_usdnok,0.3045636307172122,-1.2047283271771903,-0.9202001092333147,-0.9035324645687431,-0.4041088958091575,-1.435771824930656,1.0002380889714584,-0.41468197710217736,-2.4822274630913337,0.07855776317828413,-1.0428836347673995,0.4605201194642643,-1.1876270748399984,-0.1913035507218383,-2.5141331431948464,-3.0555459183325744,-3.147572340508011,-4.453880776694173,-1.8123715299002132,-4.711447794598544,-4.149625662906401
fx_usdzar,0.029458320245517863,0.6288069220412706,-0.460622022782097,-0.9732732412071609,-0.5073263168267315,-0.513455625057261,-0.27616801720162987,-0.22910225993285882,-2.1679091494388105,-0.284518562222445,-0.42887771047801454,-0.10413845721603138,-0.05319561277593141,-0.40506729101870703,-2.29519982873225,-3.1090684492579763,-1.4443704605668963,-3.6688231982069004,-1.583647480726867,-2.91716195388007,-3.8955410833605177
ust_10y,-1.6402607052468547,1.218323561047272,-0.1553022328571585,0.9285556626045363,0.1448604745435107,0.5761945535845543,-0.39674859312175115,-0.39904871775952455,1.090930691882576,0.46282284864301987,0.09531724364182984,0.004212312240475883,0.3756207128397555,1.2352507006520064,-2.7545698996477608,-2.3891198620592946,-0.8602189362797155,-2.900887133541938,-2.8943641311808723,-1.9544183832554036,-2.0238837003108867
ust_5y,-1.8105152372000703,1.1364595765907601,-0.7752018288770561,0.8826667595572432,0.16146175150281042,-0.13449206681223003,-0.7197706328425805,-0.42269088484583717,1.0364685712888364,0.47889261462041427,0.2850347677979346,0.019715792395603178,0.45939144919566255,1.0573472982868006,-3.2589980215179315,-2.8790517407447815,-1.0585271035297472,-3.0306775351483575,-2.9049411617558487,-2.048580365255633,-2.369758205812921
ust_2y,-1.852406538970247,1.334477846457822,-1.1183418283319888,0.7223892443688749,0.5932615721212883,-0.419173333321967,-0.32804615652090335,0.044141736660413364,0.891457375384919,0.8252487044539428,0.1263178493495804,0.5465084399150776,0.5492519064441042,1.3563978977131674,-2.800450651401271,-2.341652370393342,-0.8333074393102229,-2.6151848174455727,-2.8155036709390813,-1.4444941417346298,-1.7491015601462903
tips_10y,-2.0673004465632725,0.7231053097932053,-0.15794430649158267,-0.7173755466109448,0.45973846970628746,0.02931332133330241,-0.5606349561488164,-0.2461241540169755,-0.4657738704726537,0.25808880700625225,0.06840698262031156,-0.0005612845723395231,0.4794490194549686,1.3746802723567868,-4.250581674067011,-3.995530578205509,-2.1023056085194365,-2.7484835920289847,-3.6134981152342975,-2.935268626427234,-3.233465794741518
tips_5y,-2.3742616743425033,0.6578381719413887,-0.34714818801311853,-0.7777567531777582,0.6192790279838561,-1.308844513266308,-0.7680802810922602,0.015277509861038378,-0.9387337373449045,-0.24352202650575108,0.33909713316599177,-0.2660900450667272,0.10881704616579986,1.360117574362691,-4.823803805644703,-4.434517039151192,-2.2093602150666305,-2.8081067752474644,-3.186292062145697,-2.9787191532775594,-3.570356171519456
be_10y,0.3841012992764087,0.9076167185931638,-0.05595447320590672,3.270963185834933,-0.5083000080802629,1.0166743987314388,0.34384486177452295,-0.3571812994645724,3.0765445863469503,0.2836872612296568,-0.039172744013087006,-0.0800240063713991,-0.42665021674268433,-0.38339747997455353,3.2159022615015282,3.1880831122449425,2.2833289490354796,0.24756123430275828,0.9611328836942254,1.814353404240367,2.1010199428632332
be_5y,0.6979808277925359,0.8636481229223263,-0.46972989802668214,2.9031547870878005,-0.6093815779229105,1.4373686710712228,0.24464567386538474,-0.48069709141854244,3.08287692677592,0.8816777005803045,-0.11691672274196764,0.4482341026727899,0.49160144911024417,-0.6178200069408116,3.3212994517750425,3.3910558303300373,2.301628780225685,0.5729507562771364,0.3709483795789832,1.9480028924981574,2.276437268144185
inflsw_5y,0.7445484030243799,1.016256046820628,-0.07717477612490027,2.861595248751468,-0.4009885012961242,1.2828141820418912,0.027606417537847615,-0.6155481966535995,2.7161817519541795,0.8511699336644153,0.057058804773950984,0.5362497474067235,0.25147807953063184,-0.36278916759935714,2.510087070401887,2.8218647592923745,1.835281574348996,-0.1648773593634825,0.1475410512570943,1.1604282730359992,1.7281917946969638
inflsw_10y,0.6281251126042221,0.5078907424613994,0.11775848730914883,2.4136655499444992,-0.3200284473159224,0.3300898050449179,-0.29670309337102,-0.5284454610929287,2.1447785689373746,-1.075521030325399,-0.24693100145451097,-1.3369331593970006,-1.4051916515658962,-1.2638515198703622,3.0960197626348114,2.6562142609114106,1.3426267218152266,-0.2715272775791321,-0.05173215686580813,0.8447462286114632,1.159442426997403
cny_10y,-0.2464599920575923,1.1726729085270888,0.31568428483235866,1.0242686227040216,0.5900231773259953,0.9489440042533693,0.03978465587205784,0.46002518175445006,-0.09351199925897793,0.44107551637361986,0.9671139698862541,0.4334652641741122,0.2866615712868946,0.5822842854933529,-1.5006099258453969,-1.6541632525226146,-0.10989686302684148,-0.4931739946489213,0.14651397210008948,-1.3875895062545436,-0.0988775417667892
hy_oas,1.1944876162328684,-0.8911181580285791,-0.5565040080543711,-0.07146912777976312,0.4248443518350496,-0.18263506023547843,0.47796397235806387,0.32770878869307535,-1.4740734853212927,-0.8125914840696886,0.24916431305354,-0.9042901943304879,-2.5599919964608353,-0.6474830864617348,-0.06799668167338632,-0.7031965306916815,-1.0364191820938846,-1.7110683602347565,0.4738327027459902,-2.6843035621283495,-0.8822193442806241
ig_oas,2.0873563908111894,-0.48519459745376714,-0.04504131883199874,-0.9472353961818861,1.6129437936604976,0.7244083477457189,0.6070518649024594,1.0236942209366195,-0.9756131613743597,-0.9571183144757432,0.39241778315837433,-0.9329104606010616,-3.053293313053469,-0.35884037509218975,-0.12332003855691531,-0.6283199224560069,-2.422386080376462,-2.5843912643149802,0.02486667665795069,-3.576459067994404,-1.4018092828023232
vix,-1.7350099170355786,-0.7184341198993065,1.8449215583045242,-1.6546261687097918,0.5173745479614156,-0.12184787841112484,-1.3242859405095806,0.17809853476932652,-2.4603314614579164,-0.0962497221752929,0.7386873549100518,0.3103779799200465,0.9420885121367102,0.07298064631324339,-2.5136049150137088,-3.4242162887149394,-2.19118745400275,-3.133700840430124,-1.2230070223970377,-4.354001823604743,-2.2190792341260503
move,0.5256706251183654,-0.6548811834314198,0.677204756399831,-0.16312156694587637,-0.25647414726876744,-0.20066590055527597,-0.11479056416512981,0.6304085765835405,-1.2249894619081372,-0.8282270050767098,1.0742077875707619,-0.27863586189620543,-0.6082825632454293,-0.21322890697000338,-2.620605156709842,-2.344770007757261,-0.7287701717799503,-2.1205675643769695,0.3700718045614266,-2.032085262795083,-2.0109073132216704
ovx,-0.14727368509270797,1.1861228886468007,0.7590712605324533,0.06188927472241261,3.158623955975848,-2.1772754557145317,1.9938218388600624,1.9288212371348614,-0.4653401183920893,-0.6142039335637243,2.130822759661313,-0.6680837469686245,-2.0175628558772645,0.22260195268304278,-1.2389906890596332,-1.7206508684757524,-2.2195431926695495,-0.5202318171481555,-0.3789080454059419,-1.9536730701003393,-0.9087981570997341
gvz,0.7545740887587742,0.009283575715815838,0.047462730537479444,-1.5755547264733865,-0.3252787792339455,-0.4487502836885471,-1.3496982051273216,-0.30670290893193297,-1.042004651153912,-0.1461163082205812,0.8269275627163415,0.07644196376302836,-0.039783240710463616,0.6174404858248826,-1.4618985063890355,-1.7850011225973674,-0.872885213612713,-0.47426134078812543,0.49943194956792514,-1.4169171233669329,-2.2230493578835553
spx,1.0229275476586017,1.3182113799076773,-1.1376048638994527,1.2691765384056801,-0.7307159117885047,-0.7821757774140446,0.44269385413948664,0.04064266944264325,3.1254873751200924,-0.12726507408582705,-0.5512393149033914,-0.29926590038230494,0.5393616955320997,-0.27471695267105867,0.8461439238289004,2.26778073428314,2.090350073435369,3.991246980630014,0.9295435144206309,4.570244274112885,1.8713731787820276
mxwo,0.874901666168643,1.4114050242113574,-0.8176177082257647,1.3565772484298777,-0.14057719061924406,-0.28079523852627664,0.5944077931639737,-0.11769338690474845,3.007155945792854,0.2551413379802909,-0.5080303646950413,0.05895946730836792,0.7935060746203437,-0.025548102349698034,1.0855886712073162,2.7469647872785394,2.011288013138359,3.7371834352417626,0.4142495009655249,4.524767909980269,2.3724840899565582
mxef,-0.27458434380123903,1.3573728581176316,0.6944874351843833,1.587917511193047,1.481360571622305,-0.08056081740435526,-0.605616266038525,0.2779639508668167,1.4623905771760342,2.6959294961953875,0.4995661640415579,2.0921369693803658,1.139056972710797,1.3977201963676917,1.0646305815215082,1.6748900932166564,0.44498309581830225,1.4388727151134133,-0.3107253240290283,3.2921565732329228,1.98863916542882
csi300,-0.44124534125821147,0.1352967993307429,-0.5376703899729108,1.34589358640292,-0.045776291818397055,-0.4875450233127212,-1.3803811020969725,-0.5928300260104031,0.728268039868157,1.206207036846738,1.5433500868166488,1.3488677449317903,1.0367729624698823,1.3042931925125534,1.299039668931277,0.054213542742718356,-1.4745155029965349,0.5839994208765334,-1.8327225407389713,-0.3281789131316022,0.24831207380173992
shcomp,-0.43558373277511475,-0.1421375334198987,-1.3350032081417809,0.984843361317579,-0.017413759148408734,-0.7412882626857668,-1.3953265390371599,-1.0519905572428119,0.39069055105590433,0.6292237521566414,1.4772879770542053,0.641406167710994,0.5095508689607499,0.6315835091547122,1.5448174975892455,0.25791961284819087,-1.7321892993893342,0.6482322018575774,-1.9376280891472792,-0.5607276913403714,0.16096162477009365
hscei,0.06990354226252374,0.3209380502411272,0.46975195633137784,1.1419763119977093,0.9243323466076718,0.012723288189649497,-0.8873274865083004,-0.7007861715370418,0.5698040622546271,1.7831834048978008,1.3171666593927263,1.2792452721289207,0.6973942562513782,0.8623518719827056,1.4728971505055428,1.0388646753845316,0.5013401176380492,0.32109733378316324,-0.6704096960279347,2.073145957496072,1.7507158984101014
xle,-0.12085170756653427,2.198676703762342,0.8996931225392992,1.967400368454854,0.08666478316624276,0.23982371218784324,0.5978820477124219,1.1341055736434622,2.727880317305953,0.7043643862151949,-1.2644233494706516,0.42958924060222503,0.5849884969777598,0.018739703071642157,1.1313272352932968,2.469355076835393,1.2073432573926681,3.195754596278117,0.8001339652827536,2.6795427056040344,2.742396143383835
bdiy,-0.5979437412465537,-1.233832995380427,-0.8766669515115412,-0.815248162342739,-0.6040676303060593,-0.9804650648296839,-1.636619150248219,-1.31771534967583,-2.0437731367840066,1.0773878799124381,1.543095399361519,0.8886037976372311,1.5321167573902896,0.9200672452178702,-1.4141722634114087,-0.8736809693635503,-0.8580747820289308,-1.4325529890388191,-0.6575567782196385,-2.3049143834370676,-1.741093351039001
bdti,-1.203324506876319,0.11902933723175432,0.2661319912163129,-0.216046083783576,0.9609360506123702,-1.2723584350528057,-0.987623635886109,0.13252742291753306,-1.2856110287194282,-0.7111155853408305,0.5698798285664132,-0.32792358223477663,-0.39180166960645585,-0.3185407080753078,-0.8705633455771727,-0.6745128378229583,0.8824483938589024,0.02112216721343001,-0.10090667765423204,0.8125130427596841,-0.9198604680823199
gpr,-1.9820205997290103,0.9576944860651859,0.3783631912600499,0.08613160055746825,0.990950074012356,-1.460327126276961,0.6988037420821014,0.3549014401670517,-0.9934093787012553,-0.32154474218656154,0.8003373539405347,-0.1734153354051568,0.5419726023286412,0.6589735749233242,-0.18983297478971672,-0.22175167622459935,0.5162635145947705,1.2933784215723034,0.6787048156622537,1.2512959982316976,-0.10332565710330016
epu,-0.40292172035221174,2.267614090462179,-0.909555500226615,0.6989154167203196,0.2310423595012009,0.21630502596133144,1.8242757198963286,1.2486645891253878,-0.9723217914625396,1.9278948245696759,-0.3325088946585406,1.687702741476786,1.382037578071073,2.0360692216677023,2.8861828609934475,2.9603577994114705,1.8343526700596668,0.4010188592420411,1.935142057406448,0.7652729416403588,2.910829889306518
