window,train_start,test_start,test_end,n_train,n_test,ridge_m,n_spanned,rho1,rho2,rho3,rho4,rho5,rho_oos1,rho_oos2,rho_oos3,rho_oos4,rho_oos5,top_macro_V1,top_macro_V2,top_macro_V3,top_macro_V4,top_macro_V5
0,2013-10-21,2014-11-21,2014-12-22,252,21,0.0,3,0.6405674368720504,0.5392418785565316,0.49360044089188965,0.38871957266056884,0.3514455186374863,0.34005572273778406,-0.265455290293233,0.24938831872687975,-0.08751841800924849,0.47409188545106606,gvz(+0.55); ovx(+0.38); fx_bbdxy(+0.37),mxef(+0.38); xle(-0.34); gvz(-0.34),mxwo(+0.41); inflsw_5y(+0.41); hy_oas(-0.41),hscei(+0.29); ovx(+0.27); gpr(+0.27),fx_usdbrl(+0.28); ig_oas(-0.26); gpr(+0.22)
1,2013-11-19,2014-12-23,2015-01-27,252,21,0.0,1,0.626094773476563,0.5048207433486543,0.48071303003136295,0.4090444163490633,0.35590822004688616,0.16949829862859106,0.11546722261838162,0.034499589930297246,0.4432309313214554,0.40261683032045914,gvz(+0.54); ovx(+0.40); ust_10y(+0.28),mxef(+0.53); ig_oas(-0.43); be_10y(+0.42),xle(+0.38); fx_usdcnh(+0.28); inflsw_5y(+0.27),inflsw_5y(+0.33); gpr(+0.29); inflsw_10y(+0.28),vix(+0.30); fx_usdbrl(-0.24); be_5y(+0.21)
2,2013-12-23,2015-01-28,2015-03-06,252,21,0.0,5,0.609146930052384,0.5243315491332463,0.5032449419043447,0.4346113362520507,0.34153272176617333,0.4054771704444562,0.05865679635443176,0.1640285979996902,0.019588425617538638,-0.0721648430203924,ovx(+0.42); gvz(+0.38); xle(-0.32),mxwo(+0.58); mxef(+0.55); be_10y(+0.54),ig_oas(+0.43); be_5y(+0.27); spx(-0.24),inflsw_5y(+0.40); be_5y(+0.30); inflsw_10y(+0.29),fx_usdcnh(+0.33); inflsw_10y(-0.30); be_10y(-0.30)
3,2014-01-27,2015-03-09,2015-04-08,252,21,0.01,2,0.26334675820979553,0.23522163278685432,0.11861661508395177,0.0954644316702616,0.06177943197820511,0.08204163231361186,0.3500792127160333,0.4567715557003761,-0.16587084500597174,0.13207907150746392,vix(+0.67); move(+0.56); spx(-0.54),ovx(+0.72); gvz(+0.67); xle(-0.29),gpr(+0.65); vix(-0.36); epu(-0.34),epu(+0.72); gpr(-0.45); gvz(-0.40),gpr(+0.64); epu(+0.52); move(+0.45)
4,2014-03-07,2015-04-09,2015-05-11,252,21,0.0,1,0.6304265274990066,0.5273608163562427,0.46696451960331703,0.40327805870138755,0.3390962919404919,0.6575839544777884,0.11102157285885624,0.32439517495238057,-0.05117662749541626,-0.26548616955668125,fx_usdcad(+0.54); xle(-0.50); be_5y(-0.45),gvz(+0.40); ust_10y(+0.39); ust_5y(+0.34),ig_oas(+0.48); mxef(-0.45); hy_oas(+0.44),inflsw_5y(+0.49); inflsw_10y(+0.42); be_5y(+0.40),mxef(+0.43); inflsw_10y(+0.34); ig_oas(-0.34)
5,2014-04-08,2015-05-12,2015-06-10,252,21,0.0,5,0.6062488368919201,0.5213560935258439,0.49051532410913573,0.4536634562225819,0.3963805026370588,0.5524758340870596,-0.18603797662833962,0.2902311214334966,0.12393611347219086,-0.22011557017485037,fx_usdcad(+0.53); fx_usdnok(+0.44); ovx(+0.43),mxef(+0.47); hscei(+0.39); epu(+0.33),gvz(+0.47); ust_10y(+0.35); inflsw_5y(+0.32),inflsw_5y(+0.34); fx_dxy(+0.31); be_5y(+0.27),ovx(+0.35); ig_oas(-0.35); csi300(-0.31)
6,2014-05-14,2015-06-11,2015-07-13,252,21,0.0,1,0.6828420369883855,0.522257784410116,0.4684616705426993,0.3795879076365941,0.30601188116631023,0.18233885432156524,0.21613506153867917,0.4853160251056545,-0.15138954601538115,0.34008561656318725,fx_usdcad(+0.64); xle(-0.54); ovx(+0.53),gvz(+0.30); epu(+0.29); bdiy(-0.27),hy_oas(+0.46); ig_oas(+0.45); mxef(-0.39),hscei(+0.35); csi300(+0.35); shcomp(+0.30),mxef(+0.44); ig_oas(-0.39); fx_usdclp(-0.32)
7,2014-06-16,2015-07-14,2015-08-12,252,21,0.0,1,0.6557556627271146,0.5397267616038024,0.48978953222474647,0.3798971427834354,0.3543892647008045,0.7622748955000128,0.09911964809409189,0.1065395770199602,-0.33127539382989296,0.07234966890636392,fx_usdcad(+0.66); ovx(+0.61); xle(-0.50),ust_10y(+0.45); be_10y(+0.42); epu(+0.38),hy_oas(+0.53); ig_oas(+0.47); mxef(-0.44),tips_10y(+0.27); cny_10y(+0.26); inflsw_5y(-0.24),fx_usdclp(+0.38); epu(-0.29); mxef(-0.28)
8,2014-07-16,2015-08-13,2015-09-16,252,21,0.001,2,0.38105532195451247,0.376155877530808,0.26607156372235163,0.15726690890053777,0.13496768960123626,0.6284649424561431,-0.2145413344472674,-0.29134984881919374,0.27117887424125847,-0.008860144402023635,epu(+0.75); gvz(+0.54); gpr(+0.39),ovx(+0.92); be_5y(-0.38); inflsw_5y(-0.36),gvz(+0.65); epu(-0.36); vix(-0.33),move(+0.74); gpr(-0.61); vix(+0.35),move(+0.71); gpr(+0.58); ust_10y(+0.18)
9,2014-08-14,2015-09-17,2015-10-22,252,21,0.001,1,0.4901273367466756,0.36216420628543383,0.2381846172888229,0.13039343842823578,0.08345847576129192,0.5048037975834921,-0.16875655164392628,-0.347705404771791,-0.1898206865856092,0.03477933302176747,ovx(+0.85); vix(+0.72); mxwo(-0.67),epu(+0.73); gvz(+0.33); gpr(+0.31),gvz(+0.51); epu(-0.46); move(-0.42),gvz(+0.60); move(+0.50); ovx(-0.44),gpr(+0.65); vix(+0.49); spx(-0.46)
10,2014-09-17,2015-10-23,2015-11-20,252,21,0.001,1,0.48431944390915777,0.3022196293052285,0.18967695973836654,0.15493397335021863,0.0660549353497797,0.037983411983608245,0.6085940298007033,0.08459663298668571,-0.03637209301793748,-0.038693708445280445,ovx(+0.86); vix(+0.73); mxwo(-0.69),epu(+0.66); gvz(+0.37); vix(-0.35),gvz(+0.53); epu(-0.50); gpr(-0.39),move(+0.65); gvz(+0.53); ovx(-0.38),vix(+0.62); spx(-0.55); mxwo(-0.45)
11,2014-10-23,2015-11-23,2015-12-22,252,21,0.0,1,0.6803357420309495,0.563826889815509,0.47465332960027357,0.45752461148955786,0.34746507335399424,0.6192553193563696,0.13024753563112415,0.2668073308890033,0.10944473215921433,0.30226060205692495,fx_usdcad(+0.67); xle(-0.57); fx_usdnok(+0.57),ust_10y(+0.42); ust_5y(+0.37); be_5y(+0.36),fx_usdclp(+0.50); mxef(-0.38); hy_oas(+0.31),bdiy(+0.42); epu(-0.38); hy_oas(-0.33),be_5y(+0.49); inflsw_5y(+0.48); be_10y(+0.45)
12,2014-11-21,2015-12-23,2016-01-26,252,21,0.0,1,0.6856556374751306,0.5695795778060713,0.4879951190309013,0.4507140733613702,0.35526100576776964,0.4567095292564515,0.4894268232501216,0.21443847769744817,-0.0203097253918288,0.08974380776063128,fx_usdcad(+0.65); xle(-0.58); fx_audusd(-0.57),be_5y(+0.44); inflsw_5y(+0.41); be_10y(+0.39),epu(+0.52); fx_usdclp(-0.41); mxef(+0.33),bdiy(+0.42); hy_oas(-0.28); gvz(-0.28),be_5y(+0.47); inflsw_5y(+0.44); be_10y(+0.42)
13,2014-12-23,2016-01-27,2016-03-09,252,21,0.0,2,0.7327476770931373,0.608727550159917,0.4726684103372556,0.44062833127151413,0.34113890395792335,0.7293361401965297,-0.08971105489218789,0.3332491527083396,0.2604300023880169,-0.02795635566749683,xle(+0.71); fx_usdcad(-0.71); be_5y(+0.61),fx_dxy(+0.38); ust_2y(+0.36); ust_10y(+0.34),fx_usdclp(+0.51); mxef(-0.35); hscei(-0.31),bdiy(+0.52); epu(-0.42); ovx(-0.29),tips_10y(+0.34); fx_usdclp(-0.29); inflsw_10y(-0.28)
14,2015-01-28,2016-03-10,2016-04-12,252,21,0.0,1,0.7088716572465961,0.5819621738935136,0.5198739420374341,0.468892388440875,0.35627576887732854,0.8141371216129939,-0.014796670338956876,0.2885286186601019,-0.0037016575996629796,-0.016595422208353687,fx_usdcad(+0.79); xle(-0.70); fx_audusd(-0.64),epu(+0.53); fx_dxy(+0.40); ust_2y(+0.36),fx_usdclp(+0.34); epu(-0.33); ust_5y(+0.29),fx_usdclp(+0.38); gvz(+0.36); hscei(-0.34),tips_10y(+0.34); tips_5y(+0.33); be_5y(-0.32)
15,2015-03-09,2016-04-13,2016-05-13,252,21,0.0,1,0.7762456972850664,0.5415727213852057,0.48838365114534005,0.4679658940900409,0.3545980855765173,0.4857374469706138,0.1341036055435623,0.4304711576488293,0.16512463422710605,0.24092749383189593,fx_usdcad(+0.79); xle(-0.75); be_5y(-0.66),fx_dxy(+0.43); epu(+0.39); fx_bbdxy(+0.38),epu(+0.43); bdiy(-0.37); fx_usdclp(-0.33),fx_usdclp(+0.45); xle(+0.26); bdiy(-0.25),csi300(+0.36); shcomp(+0.33); ovx(-0.25)
16,2015-04-09,2016-05-16,2016-06-17,252,21,0.0,1,0.8037913306387565,0.5712193733202932,0.48373162967824457,0.4545620053174523,0.3622378354442647,0.5263797588886736,0.48845747008186335,-0.24423227442834325,0.14658586924610525,-0.10568126758681307,fx_usdcad(+0.80); xle(-0.77); be_5y(-0.65),fx_dxy(+0.45); fx_bbdxy(+0.44); hscei(+0.36),fx_usdclp(+0.49); xle(+0.26); fx_dxy(+0.22),epu(+0.48); bdiy(-0.40); ovx(+0.28),csi300(+0.46); shcomp(+0.41); ust_2y(+0.25)
17,2015-05-12,2016-06-20,2016-07-19,252,21,0.0,1,0.7844959636238086,0.5947610340489143,0.4589929014828375,0.3983154419861365,0.34958739438486636,0.6901949383478808,0.34602336635852365,-0.4544838114671627,0.46396945744713375,0.09210527985549116,fx_usdcad(+0.80); xle(-0.77); be_5y(-0.64),fx_dxy(+0.48); hscei(+0.43); fx_bbdxy(+0.43),fx_usdclp(+0.42); fx_eurusd(-0.31); fx_dxy(+0.31),epu(+0.43); bdiy(-0.35); ovx(+0.31),csi300(+0.35); shcomp(+0.32); ovx(-0.23)
18,2015-06-11,2016-07-20,2016-08-18,252,21,0.0,5,0.6320950228062707,0.5646953992605341,0.4650782601750023,0.4045870108892954,0.3051102461442816,0.29987668653230326,0.0956233765458442,0.15660253826256665,0.06500263478000301,-0.6700086906258661,fx_usdcad(+0.75); xle(-0.70); fx_audusd(-0.52),ovx(+0.41); hy_oas(+0.40); be_10y(-0.39),epu(+0.43); fx_usdclp(-0.38); fx_usdzar(-0.37),bdiy(+0.47); fx_eurusd(+0.40); fx_dxy(-0.34),tips_5y(+0.31); ust_2y(+0.29); csi300(+0.26)
19,2015-07-14,2016-08-19,2016-09-22,252,21,0.0,1,0.7855760861183239,0.5659953764127874,0.43257891384942565,0.37921166363810727,0.3186945251722946,0.646869028356734,0.1467132524782756,0.20365290266028827,-0.25040440265358666,-0.42139218672728124,xle(+0.79); fx_usdcad(-0.76); be_5y(+0.66),fx_dxy(+0.49); fx_bbdxy(+0.45); fx_eurusd(-0.34),fx_usdclp(+0.44); epu(-0.35); csi300(-0.32),epu(+0.34); fx_usdcnh(+0.32); bdiy(-0.32),ust_2y(+0.33); csi300(+0.25); ust_5y(+0.23)
20,2015-08-13,2016-09-23,2016-10-28,252,21,0.0,1,0.7802714050555706,0.5236925522357931,0.4686695693614319,0.35264799230635635,0.32564394405490626,0.6152290651758683,0.24258011742510277,-0.03137382384057429,0.12275416785318417,0.3061429262913173,xle(+0.79); fx_usdcad(-0.77); be_5y(+0.64),fx_dxy(+0.47); fx_bbdxy(+0.43); hscei(+0.35),epu(+0.45); fx_usdclp(-0.35); hscei(+0.29),fx_usdcnh(+0.31); bdiy(-0.30); cny_10y(+0.29),csi300(+0.30); shcomp(+0.30); hscei(+0.25)
21,2015-09-17,2016-10-31,2016-11-29,252,21,0.0,1,0.7729700137450263,0.5115262789038263,0.48045290845661437,0.3787657941618402,0.33432438825806593,0.504305991448209,-0.2143702259798502,-0.05073717651752988,0.6679654732003301,0.5286618600018133,fx_usdcad(+0.81); xle(-0.80); fx_audusd(-0.62),fx_dxy(+0.43); fx_bbdxy(+0.42); fx_eurusd(-0.38),csi300(+0.61); shcomp(+0.59); hscei(+0.54),epu(+0.35); move(-0.24); fx_bbdxy(+0.20),fx_dxy(+0.31); fx_usdcnh(+0.29); fx_eurusd(-0.28)
22,2015-10-23,2016-11-30,2016-12-30,252,21,0.0,3,0.6372914925741944,0.5175528041659366,0.48854392368001653,0.3462855387083113,0.3173926451503668,0.24842665951340595,-0.06821208088448004,0.47391526016248925,-0.1229785502444681,-0.21118665023396552,fx_usdcad(+0.73); xle(-0.71); ovx(+0.45),fx_dxy(+0.52); fx_eurusd(-0.48); fx_bbdxy(+0.43),hscei(+0.41); inflsw_5y(-0.35); mxef(+0.33),move(+0.24); shcomp(+0.24); ovx(+0.23),vix(+0.40); be_10y(-0.31); inflsw_10y(-0.29)
23,2015-11-23,2017-01-03,2017-02-10,252,21,0.0,1,0.7682292785045279,0.5165963847805097,0.47054392087047847,0.4160678085747271,0.37794715432339315,-0.11057144849976981,0.02259848671554685,0.24613093190532867,0.2625469441447479,0.37710842493701635,xle(+0.80); fx_usdcad(-0.79); fx_audusd(+0.61),hscei(+0.43); csi300(+0.40); shcomp(+0.38),fx_dxy(+0.56); fx_eurusd(-0.49); fx_bbdxy(+0.46),gpr(+0.26); be_10y(+0.24); epu(+0.23),csi300(+0.40); shcomp(+0.40); bdti(-0.25)
24,2015-12-23,2017-02-13,2017-03-14,252,21,0.0,1,0.7720754476578426,0.5085806141854622,0.47041685433348435,0.44568614760010805,0.3654318317200426,0.24639477243782273,0.07500296895965362,-0.26209899848628226,-0.3210414728674677,0.6532370202758999,xle(+0.76); fx_usdcad(-0.73); fx_usdclp(-0.63),vix(+0.39); fx_usdcad(+0.35); spx(-0.35),fx_dxy(+0.57); fx_bbdxy(+0.50); fx_eurusd(-0.49),shcomp(+0.38); csi300(+0.37); hscei(+0.34),bdti(+0.37); shcomp(-0.27); csi300(-0.26)
25,2016-01-27,2017-03-15,2017-04-18,252,21,0.0,1,0.7040498343831519,0.5015000381451724,0.4493942150477175,0.4232142500301326,0.4013526398406003,0.41827630389214426,0.3686525336808116,-0.11499830652222416,0.09866063106071356,0.2153818778600182,xle(+0.72); fx_usdcad(-0.69); fx_audusd(+0.60),vix(+0.39); spx(-0.37); hscei(+0.35),shcomp(+0.44); csi300(+0.42); spx(+0.33),be_10y(+0.41); inflsw_10y(+0.40); be_5y(+0.33),fx_dxy(+0.37); fx_bbdxy(+0.35); bdti(+0.32)
26,2016-03-10,2017-04-19,2017-05-18,252,21,0.0,1,0.6919280254285667,0.5047609453416261,0.45203553766650506,0.4110498761609324,0.40903617998953484,0.32423241613970105,0.34592610610832136,0.04013608116167249,-0.1695536149243199,-0.33282025253156516,fx_usdcad(+0.66); xle(-0.65); fx_audusd(-0.60),spx(+0.53); xle(+0.50); vix(-0.48),hscei(+0.30); csi300(+0.23); shcomp(+0.23),ovx(+0.31); gpr(+0.26); fx_usdbrl(+0.19),fx_bbdxy(+0.45); fx_dxy(+0.36); fx_eurusd(-0.32)
27,2016-04-13,2017-05-19,2017-06-20,252,21,0.0,5,0.646662628327156,0.5586192659724183,0.46344999957181837,0.39974124929654625,0.3100177634219358,0.5856252024047629,0.6120233228848252,0.35422517720686514,0.19591756322679382,0.2502137673700319,fx_usdcad(+0.63); fx_usdclp(+0.59); xle(-0.55),xle(+0.51); fx_eurusd(-0.33); spx(+0.32),spx(+0.32); mxwo(+0.30); hscei(+0.26),ovx(+0.35); fx_usdbrl(+0.34); gpr(+0.25),fx_bbdxy(+0.45); fx_dxy(+0.35); bdti(+0.32)
28,2016-05-16,2017-06-21,2017-07-20,252,21,0.0,4,0.614934733471367,0.5603636215093585,0.5208954181257254,0.4361935710897555,0.31311729195051147,0.32029236075900513,0.062302301462419725,0.3692440747577534,0.3142117342408663,-0.019325502121701713,xle(+0.56); inflsw_5y(+0.44); be_5y(+0.44),fx_usdcad(+0.60); fx_audusd(-0.49); mxef(-0.44),ovx(+0.43); spx(+0.26); fx_eurusd(-0.24),gpr(+0.37); csi300(-0.37); shcomp(-0.34),fx_usdbrl(+0.41); fx_bbdxy(+0.40); fx_dxy(+0.36)
29,2016-06-20,2017-07-21,2017-08-18,252,21,0.0,5,0.6800757641644332,0.5828580990446317,0.5310719190320796,0.43671921266092695,0.35457567941958834,0.530091397389204,0.25739130937431826,-0.03932636833847974,0.11153899566982331,-0.34495473583126707,fx_audusd(+0.54); mxef(+0.53); fx_usdcad(-0.53),xle(+0.63); inflsw_5y(+0.40); be_5y(+0.39),spx(+0.37); tips_10y(+0.36); tips_5y(+0.33),ovx(+0.37); gpr(+0.32); fx_usdbrl(+0.29),fx_bbdxy(+0.47); csi300(+0.40); fx_dxy(+0.36)
30,2016-07-20,2017-08-21,2017-09-20,252,21,0.0,1,0.7184569413610342,0.5346122388588961,0.5174343765593495,0.44357795327312866,0.2981223403842748,0.34289704300416485,-0.12419839293186538,-0.19182263553077716,0.3803043424880873,0.10621936170563742,fx_audusd(+0.57); mxef(+0.53); fx_usdclp(-0.51),xle(+0.45); gpr(-0.34); fx_dxy(+0.33),bdiy(+0.36); mxef(-0.28); mxwo(-0.26),fx_eurusd(+0.43); ust_10y(-0.38); spx(-0.37),ust_5y(+0.55); ust_10y(+0.54); ust_2y(+0.48)
31,2016-08-19,2017-09-21,2017-10-26,252,21,0.001,1,0.4162244293394937,0.28938959954132787,0.1967775202665898,0.12329664726716139,0.07291840616480119,-0.17992072254962238,0.4141758243549686,-0.44546423637612304,0.05945615433576144,0.6262040356129137,ovx(+0.88); gvz(+0.33); tips_5y(+0.27),gpr(+0.80); vix(+0.33); ovx(+0.30),gvz(+0.64); gpr(-0.38); move(-0.36),epu(+0.69); vix(-0.66); mxwo(+0.62),vix(+0.53); gpr(-0.51); epu(+0.42)
32,2016-09-23,2017-10-27,2017-11-27,252,21,0.0,4,0.6445936911146362,0.5594461819540604,0.4999179562396695,0.44634255605350565,0.3204539218232509,0.19288886939160985,0.10567456447620197,0.4347218488468696,-0.1603566675929098,-0.363083727212029,fx_usdclp(+0.56); fx_audusd(-0.53); mxef(-0.49),xle(+0.38); be_5y(+0.31); bdiy(+0.29),xle(+0.49); gpr(-0.43); fx_dxy(+0.38),ust_10y(+0.40); fx_usdbrl(+0.40); ovx(+0.36),ust_10y(+0.39); ust_5y(+0.39); csi300(+0.36)
33,2016-10-31,2017-11-28,2017-12-28,252,21,0.0,5,0.6733160115533117,0.5832169551923546,0.5088916027379061,0.43288750606363535,0.3553064741607403,0.5177517631035086,-0.15843170642537796,-0.022948887929467112,0.5203155812851388,-0.2909976428781816,fx_usdclp(+0.58); fx_audusd(-0.49); mxef(-0.45),hy_oas(+0.42); fx_usdbrl(+0.35); ig_oas(+0.34),xle(+0.53); fx_eurusd(-0.47); fx_dxy(+0.45),ust_10y(+0.39); fx_eurusd(-0.34); fx_usdnok(+0.30),ust_10y(+0.37); ust_5y(+0.36); inflsw_5y(+0.34)
34,2016-11-30,2017-12-29,2018-01-30,252,21,0.0,1,0.6537216186986322,0.5350390828304931,0.4648486735555633,0.42733974661464075,0.3116786102887754,0.15522596206862008,0.19683190034849915,-0.1573810685993909,0.09766072319319336,0.20628614384186716,tips_5y(+0.51); fx_usdclp(+0.50); tips_10y(+0.49),mxef(+0.37); ig_oas(-0.36); fx_audusd(+0.35),xle(+0.45); ovx(-0.35); inflsw_5y(+0.33),fx_eurusd(+0.44); fx_usdbrl(-0.40); fx_dxy(-0.36),inflsw_5y(+0.40); ust_10y(+0.38); ust_5y(+0.36)
35,2017-01-03,2018-01-31,2018-03-12,252,21,0.0,4,0.6058776412644948,0.5179303319995919,0.4883570914542196,0.441421280048629,0.2813286400125957,0.07541658786775289,0.0006370078636567534,0.20203483844632805,0.0629661218336966,0.19198944689082614,tips_5y(+0.56); tips_10y(+0.55); ust_5y(+0.51),fx_usdclp(+0.51); fx_dxy(+0.49); fx_eurusd(-0.46),gpr(+0.42); xle(-0.35); ig_oas(+0.32),fx_usdbrl(+0.44); fx_usdnok(+0.36); ovx(+0.32),be_10y(+0.34); inflsw_5y(+0.32); fx_usdcad(-0.30)
36,2017-02-13,2018-03-13,2018-04-16,252,21,0.0,2,0.6721946709115107,0.5549605322766441,0.42737817780068377,0.4240157947353676,0.3286982952871684,-0.13395492750878732,0.2320787772851345,0.19519749072484815,-0.03321953990415553,-0.06772384795090126,xle(+0.57); ovx(-0.52); fx_audusd(+0.51),hy_oas(+0.36); tips_10y(-0.33); ust_5y(-0.33),fx_usdbrl(+0.38); ust_10y(+0.37); be_10y(+0.33),mxef(+0.44); fx_usdclp(-0.40); fx_dxy(-0.37),inflsw_5y(+0.44); ust_5y(+0.40); ust_10y(+0.37)
37,2017-03-15,2018-04-17,2018-05-18,252,21,0.0,4,0.5829273598815328,0.5181485736551413,0.4502673276309271,0.43483252113298887,0.3233159538214012,0.40778872073517325,0.21817476705561709,-0.1623082043522536,-0.01805034378950581,0.48748622293274513,fx_usdclp(+0.53); fx_bbdxy(+0.49); tips_5y(+0.47),xle(+0.48); hy_oas(-0.38); inflsw_5y(+0.34),fx_usdbrl(+0.48); mxef(-0.35); be_5y(+0.35),ig_oas(+0.36); epu(-0.28); fx_usdcnh(+0.27),inflsw_5y(+0.36); ust_5y(+0.31); ust_10y(+0.27)
38,2017-04-19,2018-05-21,2018-06-20,252,21,0.0,1,0.6238800187347713,0.5137769437727391,0.45832298534820426,0.39832776274246023,0.34447117174897957,0.6734339164694896,0.16722015471944562,0.36602478804233907,-0.1776967956954143,0.3835391547884311,fx_usdclp(+0.60); fx_bbdxy(+0.54); fx_usdcnh(+0.54),xle(+0.54); inflsw_5y(+0.42); hy_oas(-0.40),ig_oas(+0.39); ust_10y(-0.37); ust_5y(-0.33),tips_5y(+0.34); ust_5y(+0.30); tips_10y(+0.26),fx_usdbrl(+0.40); mxef(-0.37); fx_dxy(+0.34)
39,2017-05-19,2018-06-21,2018-07-20,252,21,0.0,1,0.6313833921685531,0.48796186820320303,0.4779671935639797,0.3947141663796772,0.31389140140857014,0.4962467101516106,0.4243477121921286,0.5850216618840424,0.1700457277913433,0.19957873540920673,fx_usdcnh(+0.59); fx_bbdxy(+0.54); fx_usdclp(+0.51),ust_10y(+0.45); xle(+0.44); ust_5y(+0.44),xle(+0.42); ovx(-0.36); cny_10y(+0.31),epu(+0.33); shcomp(+0.22); fx_audusd(+0.22),tips_5y(+0.32); gvz(-0.30); cny_10y(+0.30)
40,2017-06-21,2018-07-23,2018-08-20,252,21,0.0,1,0.7003876431575787,0.49718436459390536,0.4790790554396696,0.38541358604740744,0.31862200359817355,0.6973576818113906,-0.17773961990232973,-0.3646248699455419,0.10857188125289768,0.2493554133050421,xle(+0.62); fx_usdcnh(-0.55); fx_usdclp(-0.49),xle(+0.48); be_5y(+0.45); be_10y(+0.42),shcomp(+0.39); csi300(+0.37); cny_10y(+0.30),cny_10y(+0.47); tips_5y(+0.30); ig_oas(-0.29),cny_10y(+0.29); shcomp(+0.27); csi300(+0.27)
41,2017-07-21,2018-08-21,2018-09-20,252,21,0.0,1,0.730033010144687,0.5169712386701378,0.4249212311913656,0.3683209316860753,0.3328898859422543,0.5876835540758881,-0.05409636643836717,0.09428721321908597,0.16195730638263553,0.19377286136357708,xle(+0.72); fx_usdcnh(-0.53); mxef(+0.50),ust_10y(+0.36); be_5y(+0.36); mxef(-0.35),gvz(+0.34); shcomp(-0.27); bdiy(+0.26),cny_10y(+0.34); ig_oas(-0.33); inflsw_5y(+0.32),cny_10y(+0.40); shcomp(+0.37); csi300(+0.35)
42,2017-08-21,2018-09-21,2018-10-29,252,21,0.0,1,0.6777064746301733,0.4786720607198443,0.42677404549643994,0.40189755465974697,0.3522958407575702,0.3617046660821532,0.466320700152632,0.16211033846651896,-0.16566790817459737,-0.14608438931369486,xle(+0.68); fx_usdcnh(-0.57); mxef(+0.56),xle(+0.43); be_5y(+0.43); inflsw_10y(+0.41),cny_10y(+0.39); gvz(-0.34); fx_bbdxy(+0.33),tips_5y(+0.39); fx_usdcnh(-0.34); ig_oas(-0.29),epu(+0.28); csi300(+0.20); hscei(-0.19)
43,2017-09-21,2018-10-30,2018-11-28,252,21,0.0,1,0.7306990242087223,0.4869130489678059,0.4574441272999557,0.38744397010687665,0.33321738602961104,0.8205642616840492,-0.2816619041637281,-0.2651901418292514,0.2422699806034851,0.12355852273525682,xle(+0.73); fx_usdcad(-0.55); fx_audusd(+0.53),fx_usdcnh(+0.33); fx_usdclp(+0.31); be_5y(+0.30),gvz(+0.40); fx_usdbrl(+0.36); mxef(-0.34),gvz(+0.30); cny_10y(-0.28); shcomp(-0.27),ig_oas(+0.42); tips_5y(-0.42); hy_oas(+0.41)
44,2017-10-27,2018-11-29,2019-01-02,252,21,0.0,5,0.6706752185951638,0.5763489851282294,0.488797786175913,0.4091282622429512,0.3590458294809914,0.7908450882431625,0.30230401528283396,-0.013213086823037644,0.43506586158618166,0.010656181029899256,ovx(+0.69); xle(-0.63); inflsw_5y(-0.39),fx_usdcnh(+0.65); fx_bbdxy(+0.51); fx_usdzar(+0.49),xle(+0.37); gvz(-0.29); bdiy(+0.26),shcomp(+0.44); csi300(+0.44); cny_10y(+0.32),ust_2y(+0.33); ust_5y(+0.28); shcomp(-0.25)
45,2017-11-28,2019-01-03,2019-02-01,252,21,0.0,1,0.7637742278729104,0.5217180837150363,0.44297192125426027,0.37386941662717627,0.3412655886385638,0.6378717798092165,-0.15873856375961987,0.014611064712500477,-0.12235561005057546,0.25341405904112424,xle(+0.72); fx_usdcad(-0.58); fx_usdcnh(-0.54),fx_usdbrl(+0.29); ovx(+0.28); be_5y(-0.27),hscei(+0.29); be_5y(-0.25); tips_5y(+0.25),ust_2y(+0.42); tips_5y(+0.41); ust_5y(+0.41),move(+0.40); hy_oas(+0.38); shcomp(-0.33)
46,2017-12-29,2019-02-11,2019-03-12,252,21,0.001,1,0.4539387435842972,0.21999145265337758,0.14796786505520051,0.11027384982978061,0.050284006132217327,0.37767372939986527,0.10108178327963323,-0.13167487446171303,0.21475193998452466,0.5022246798673123,ovx(+0.92); xle(-0.51); mxwo(-0.47),move(+0.74); gpr(-0.44); gvz(+0.41),gpr(+0.70); epu(-0.38); spx(-0.38),gpr(+0.65); gvz(+0.52); vix(-0.28),vix(+0.71); spx(-0.52); gvz(+0.52)
47,2018-01-31,2019-03-13,2019-04-11,252,21,0.001,1,0.44494008851617073,0.2231218796505603,0.13818347385875812,0.127932379084328,0.0721600001733635,0.27193907269813716,-0.11921704900709049,0.19159778979530853,0.060481741463948524,0.019755259867615973,ovx(+0.96); xle(-0.50); mxwo(-0.44),move(+0.72); gvz(+0.63); mxwo(-0.37),gpr(+0.93); move(+0.34); hy_oas(+0.22),vix(+0.65); spx(-0.49); mxwo(-0.43),move(+0.52); gvz(-0.46); epu(+0.40)
48,2018-03-13,2019-04-12,2019-05-20,252,21,0.0,1,0.7144301913863269,0.49202857024732083,0.4348550447131954,0.38216194928767666,0.32261968613147524,0.1582466441481385,-0.1821509444536405,-0.09346499739378777,0.1200804956603796,-0.03785572029103016,xle(+0.67); fx_usdcad(-0.66); fx_usdcnh(-0.59),ovx(+0.41); fx_usdcnh(-0.29); csi300(+0.27),gpr(+0.36); tips_5y(-0.35); ust_2y(-0.31),gvz(+0.37); mxef(-0.33); hscei(-0.32),be_10y(+0.54); hy_oas(-0.53); ust_10y(+0.49)
49,2018-04-17,2019-05-21,2019-06-20,252,21,0.001,2,0.39959767229299314,0.31848649394064793,0.18470812303948134,0.13037726242455544,0.05194565016170145,0.6390830982731627,-0.27876685228889064,0.20880172898045046,-0.2667399412043538,-0.03279100959239337,ovx(+0.97); xle(-0.52); vix(+0.46),gpr(+0.71); move(+0.60); mxwo(-0.41),gpr(+0.62); gvz(-0.55); move(-0.52),move(+0.60); gvz(-0.46); vix(+0.29),vix(+0.59); spx(-0.52); mxwo(-0.43)
50,2018-05-21,2019-06-21,2019-07-22,252,21,0.01,1,0.4636410908160267,0.23423180676592728,0.20099082324717685,0.04530950988938586,0.03170221803521501,-0.2578364820900902,0.16985049687875403,0.2616712568134159,0.11535554472001686,-0.01232178119230108,ovx(+0.95); xle(-0.59); mxwo(-0.52),move(+0.68); vix(+0.65); spx(-0.56),gpr(+0.95); epu(+0.21); move(-0.20),move(+0.70); gvz(-0.31); vix(-0.28),epu(+0.91); bdti(-0.22); gpr(-0.21)
51,2018-06-21,2019-07-23,2019-08-20,252,21,0.01,1,0.4292348781144985,0.25631395752300173,0.1932908773819695,0.06029502442395821,0.0466438830919497,0.5550622991583455,0.111043214557127,-0.16683474076635302,0.2953156663305794,-0.10697238312793488,ovx(+0.94); xle(-0.61); mxwo(-0.55),vix(+0.62); move(+0.60); spx(-0.50),gpr(+0.93); epu(+0.37); move(-0.12),move(+0.65); vix(-0.38); ust_2y(-0.28),epu(+0.83); gpr(-0.34); bdti(-0.29)
52,2018-07-23,2019-08-21,2019-09-23,252,21,0.001,1,0.5064537367973032,0.28494194060157735,0.1804330137882308,0.13274516582273616,0.0788321253701473,-0.5868263720995751,0.01372128684595487,-0.24275894176990645,-0.16378454429515216,-0.13830607259903877,ovx(+0.92); xle(-0.65); vix(+0.61),vix(+0.63); spx(-0.51); move(+0.50),gpr(+0.78); gvz(+0.62); ust_2y(-0.23),gpr(+0.55); gvz(-0.36); vix(+0.35),epu(+0.80); vix(-0.31); spx(+0.27)
53,2018-08-21,2019-09-24,2019-10-30,252,21,0.0,2,0.5847176286629352,0.5276969601073453,0.41789710218026216,0.3416221663208821,0.2707555903072374,0.4719790008214656,0.023888368127406627,-0.05492653021308747,-0.15624558154889248,0.1224320094224372,fx_bbdxy(+0.59); fx_usdzar(+0.57); fx_eurusd(-0.56),xle(+0.54); fx_usdcad(-0.50); ovx(-0.43),vix(+0.47); mxwo(-0.46); mxef(-0.44),mxwo(+0.37); move(-0.36); spx(+0.36),fx_usdnok(+0.18); tips_10y(+0.17); hscei(-0.15)
54,2018-09-21,2019-10-31,2019-11-29,252,21,0.01,1,0.3849768455219205,0.2589313816767016,0.14322972428835495,0.1109995879971796,0.06094709256839509,0.5248921208290734,-0.08497236726280985,-0.06436614060176762,0.07388702820151827,-0.4641113867088097,vix(+0.81); mxwo(-0.74); ovx(+0.74),epu(+0.67); ovx(-0.52); vix(+0.36),gpr(+0.84); move(+0.48); gvz(+0.42),epu(+0.65); move(-0.45); ovx(+0.32),gpr(+0.54); epu(-0.47); move(-0.38)
55,2018-10-30,2019-12-02,2020-01-02,252,21,0.001,2,0.4224147873684626,0.3308874742084494,0.1755499662830726,0.12206116963987992,0.0944514420760005,0.08640878803656689,0.19253725875929442,0.1482174804213199,0.06565535957631775,-0.23437027861951548,vix(+0.85); mxwo(-0.76); spx(-0.75),epu(+0.50); ovx(-0.45); gvz(+0.43),gpr(+0.70); gvz(+0.62); ust_2y(-0.32),epu(+0.60); move(-0.55); gpr(+0.35),gpr(+0.66); ovx(-0.41); spx(-0.33)
56,2018-11-29,2020-01-03,2020-02-13,252,21,0.0,3,0.5874621055801772,0.559133968731097,0.489835435314466,0.31280185818216355,0.2847400732611976,-0.013414623711420095,-0.05802254599950868,0.20431719447583566,-0.1436746584550979,-0.18127985559870607,xle(+0.62); fx_usdzar(-0.60); fx_usdclp(-0.56),ust_5y(+0.68); ust_10y(+0.65); ust_2y(+0.61),fx_usdcnh(+0.35); fx_audusd(-0.27); fx_usdclp(+0.24),bdiy(+0.49); fx_usdnok(+0.42); fx_bbdxy(+0.32),epu(+0.34); cny_10y(+0.25); tips_10y(+0.25)
57,2019-01-03,2020-02-14,2020-03-16,252,21,0.0,3,0.6257049691839643,0.5550881596577778,0.5340372036360265,0.3695936648078499,0.28466436420016233,0.8612475964165907,-0.48578013409436666,0.16227906352755414,0.3444680558966236,0.4767808187121139,xle(+0.58); shcomp(+0.58); csi300(+0.55),ust_5y(+0.71); ust_10y(+0.69); tips_10y(+0.69),fx_usdcnh(+0.35); xle(+0.34); fx_audusd(-0.30),hscei(+0.50); mxef(+0.41); be_10y(+0.32),epu(+0.25); tips_10y(+0.23); gpr(+0.23)
58,2019-02-11,2020-03-17,2020-04-17,252,21,0.0,1,0.8310322402568765,0.5916785022029234,0.5870570265426217,0.4213314914533262,0.41064327663275946,0.5270298620328872,0.4447038324388195,0.2988614891814637,0.1274211483347776,-0.11087833728500078,ig_oas(+0.87); inflsw_5y(-0.80); xle(-0.79),ust_10y(+0.50); tips_10y(+0.48); ust_5y(+0.46),fx_bbdxy(+0.46); fx_eurusd(-0.45); fx_dxy(+0.43),hscei(+0.46); mxef(+0.34); be_10y(+0.32),vix(+0.40); tips_5y(-0.36); spx(-0.36)
59,2019-03-13,2020-04-22,2020-05-27,252,21,0.0,2,0.8004517447200656,0.681198928339527,0.49662485591311417,0.4363114747817722,0.4096871894363859,0.015158575552527101,-0.11440842669704447,-0.11249532719869518,0.18039431827860145,0.1343903807625322,inflsw_5y(+0.69); xle(+0.68); be_5y(+0.65),fx_eurusd(+0.68); fx_dxy(-0.65); fx_bbdxy(-0.60),fx_usdcnh(+0.36); shcomp(-0.34); csi300(-0.31),vix(+0.40); gvz(+0.32); spx(-0.31),epu(+0.29); be_10y(-0.28); be_5y(-0.27)
60,2019-04-12,2020-05-28,2020-06-29,252,21,0.0,1,0.726077716698421,0.6060268790134505,0.49381677051525746,0.4302125600889125,0.356666320599732,0.04867948579832976,0.20223127497739693,-0.26053660697940373,-0.2325240978151845,-0.07902014073692262,fx_usdnok(+0.62); fx_audusd(-0.62); inflsw_5y(-0.60),gvz(+0.54); fx_eurusd(+0.53); fx_dxy(-0.48),epu(+0.39); fx_usdbrl(+0.34); fx_usdcnh(-0.29),tips_5y(+0.46); tips_10y(+0.42); fx_usdzar(-0.40),be_10y(+0.35); fx_usdcnh(-0.31); bdiy(+0.31)
61,2019-05-21,2020-06-30,2020-07-30,252,21,1.0,2,0.2733547460208167,0.17917271714600838,0.06877249867977119,0.03338410807568484,0.010892758265705979,-0.11882509657516571,0.1529613069413581,0.20067770913125507,-0.029903195648413736,-0.006081331758364219,epu(+0.99); gpr(-0.33); ovx(-0.28),gpr(+0.91); ovx(-0.42); move(-0.31),gpr(+0.81); epu(+0.32); ust_10y(-0.17),ovx(+0.51); epu(+0.46); gpr(+0.33),gvz(+0.55); gpr(-0.50); vix(-0.34)
62,2019-06-21,2020-07-31,2020-08-28,252,21,0.1,1,0.35150485969521444,0.22862443905390642,0.12587602611811044,0.09250044930326337,0.035084700926585076,0.29688188729373705,0.00976536039850727,-0.13555930472382138,0.11917671703655983,0.22680161800311313,ovx(+0.89); move(+0.61); mxwo(-0.51),epu(+0.93); gpr(-0.51); ust_5y(-0.16),gpr(+0.87); epu(+0.23); ust_10y(-0.13),ovx(+0.65); vix(-0.44); epu(+0.34),gpr(+0.53); gvz(-0.47); move(+0.40)
63,2019-07-23,2020-09-01,2020-10-12,252,21,0.01,1,0.5061875132824958,0.25192856019192283,0.165531113690682,0.14302712582504945,0.10535363447189858,0.3283542757203664,0.0945902893960323,-0.36363231484205494,-0.40532034528596506,0.24627967611748536,ovx(+0.78); vix(+0.72); mxwo(-0.71),epu(+0.89); gpr(-0.50); ovx(-0.32),ovx(+0.59); epu(+0.44); vix(-0.32),gpr(+0.84); epu(+0.25); gvz(+0.17),gpr(+0.58); vix(+0.50); gvz(-0.38)
64,2019-08-21,2020-10-13,2020-11-10,252,21,0.01,1,0.4400703350183878,0.23368834508810604,0.14164386498156126,0.11860046116596834,0.023161973489984177,0.21692000100425995,0.0837155701110952,0.03879777783054911,-0.5039927496091505,-0.1638425445921151,ovx(+0.76); vix(+0.68); mxwo(-0.67),epu(+0.84); gpr(-0.56); ovx(-0.25),ovx(+0.63); gvz(-0.43); epu(+0.41),vix(+0.63); ovx(-0.48); spx(-0.39),gpr(+0.78); epu(+0.31); move(+0.25)
65,2019-09-24,2020-11-11,2020-12-10,252,21,0.0,1,0.7960779750488084,0.6131992796609195,0.4340687427163404,0.42710394503389165,0.36625282837760015,0.17043258396870647,0.04783426971079844,-0.10579992580076508,-0.3278011419740715,0.422640365390653,inflsw_5y(+0.74); mxwo(+0.71); inflsw_10y(+0.71),fx_dxy(+0.54); fx_eurusd(-0.50); fx_bbdxy(+0.48),bdti(+0.35); tips_5y(+0.33); epu(-0.31),shcomp(+0.34); csi300(+0.33); ust_10y(+0.32),spx(+0.28); mxwo(+0.27); bdiy(-0.25)
66,2019-10-31,2020-12-11,2021-01-13,252,21,0.1,1,0.387027357714148,0.21231402741490757,0.0910807283563404,0.051642230346633206,0.04115244046516228,0.0851091835626123,0.3919425776934424,0.10960521715543127,-0.14945699956098563,0.3311376641802602,ovx(+0.88); move(+0.61); mxwo(-0.52),epu(+0.91); gpr(-0.53); fx_usdzar(+0.14),gpr(+0.68); ovx(+0.42); epu(+0.28),gpr(+0.76); vix(+0.42); spx(-0.31),gpr(+0.76); move(-0.47); epu(+0.26)
67,2019-12-02,2021-01-14,2021-02-26,252,21,0.01,1,0.5078962322526294,0.2336744359117942,0.13803247836311133,0.12486387057745045,0.030914468093401277,-0.045950400375140255,-0.20219850524402008,0.13629145403873846,-0.0795517954991155,0.10272570351950992,ovx(+0.79); vix(+0.70); mxwo(-0.68),epu(+0.91); gpr(-0.46); ovx(-0.20),vix(+0.66); spx(-0.46); gvz(-0.42),move(+0.58); ovx(+0.52); vix(-0.29),gpr(+0.83); epu(+0.30); ovx(+0.17)
68,2020-01-03,2021-03-01,2021-03-29,252,21,0.01,2,0.4497155500529739,0.30417314577855725,0.1286410291378684,0.10395466017088616,0.05249376513086483,0.020894551292988173,0.30689322699170196,0.03956552163720204,0.025124916725529377,-0.2852107651324483,ovx(+0.81); move(+0.65); mxwo(-0.62),epu(+0.90); gpr(-0.34); spx(-0.22),vix(+0.56); gpr(+0.46); spx(-0.41),gpr(+0.86); move(-0.28); gvz(+0.25),gpr(+0.49); ovx(+0.42); vix(-0.39)
69,2020-02-14,2021-03-30,2021-04-29,252,21,0.0,3,0.721794338148724,0.6188688499411816,0.514506678937552,0.39814495662052374,0.3454459780467505,0.22646630247639266,0.08525963347642275,0.21077419327828206,0.0871032327162337,0.037094226118849855,inflsw_10y(+0.71); inflsw_5y(+0.71); be_5y(+0.69),fx_dxy(+0.52); fx_eurusd(-0.50); fx_bbdxy(+0.43),csi300(+0.36); mxef(+0.28); fx_bbdxy(-0.27),be_5y(+0.25); bdti(-0.24); inflsw_5y(+0.21),gpr(+0.43); bdiy(+0.41); fx_usdbrl(-0.39)
70,2020-03-17,2021-04-30,2021-06-03,252,21,0.0,2,0.685559629726052,0.5906990900444045,0.4899489111124338,0.4373649802430928,0.33848929382041226,0.44571844872001604,0.23772021462676812,-0.20989501459632737,0.058010705127362595,0.21772106145746192,fx_usdnok(+0.76); fx_audusd(-0.69); fx_dxy(+0.64),fx_usdcnh(+0.48); fx_eurusd(-0.39); gvz(-0.38),csi300(+0.34); spx(+0.28); mxwo(+0.27),epu(+0.40); fx_usdbrl(+0.32); move(-0.23),gpr(+0.37); cny_10y(-0.36); bdiy(+0.29)
71,2020-04-22,2021-06-04,2021-07-06,252,21,0.0,4,0.6452966423166184,0.5392248222923965,0.4677977285834258,0.44611624324733806,0.3386448417141349,0.6261072612782519,-0.10776825399303375,0.0012211480823037426,-0.3122571513387273,-0.29874932090302064,fx_usdnok(+0.71); fx_dxy(+0.68); fx_audusd(-0.67),fx_usdcnh(+0.47); tips_10y(+0.43); fx_bbdxy(+0.37),tips_10y(+0.30); csi300(-0.27); tips_5y(+0.26),epu(+0.43); fx_usdbrl(+0.28); csi300(+0.28),cny_10y(+0.32); bdiy(-0.17); be_10y(-0.16)
72,2020-05-28,2021-07-07,2021-08-04,252,21,0.0,1,0.6876539138569479,0.5220529403447104,0.44199821866103056,0.4394379595959349,0.33545293558008704,0.46356870792546023,0.5273122822511346,0.20790875149193436,-0.1343487642015477,-0.054259050722610405,fx_usdnok(+0.67); xle(-0.67); fx_usdcad(+0.54),fx_dxy(+0.57); fx_bbdxy(+0.47); fx_eurusd(-0.46),fx_eurusd(+0.33); fx_dxy(-0.27); fx_bbdxy(-0.24),inflsw_5y(+0.36); csi300(+0.35); ovx(-0.35),fx_usdbrl(+0.38); mxef(-0.27); ust_10y(-0.27)
73,2020-06-30,2021-08-05,2021-09-03,252,21,0.0,1,0.7194433385936564,0.543048224787112,0.46010469166783696,0.44772145600892665,0.30341336636764116,0.8051177909158539,0.10549692518992386,0.15420803918136367,-0.11951848629293658,-0.16141637226057876,fx_usdnok(+0.69); fx_usdcad(+0.65); xle(-0.63),fx_usdcnh(+0.53); fx_dxy(+0.47); fx_bbdxy(+0.45),csi300(+0.43); shcomp(+0.33); ovx(-0.32),ust_2y(+0.30); fx_usdbrl(+0.29); fx_usdclp(+0.25),fx_usdbrl(+0.28); ust_2y(-0.26); tips_5y(-0.24)
74,2020-07-31,2021-09-07,2021-10-18,252,21,0.0,1,0.7292482714683584,0.5461595689216127,0.4489130142484898,0.4446338424293495,0.3245938257948172,0.5826502562229408,-0.11465524667762432,0.20230967804605235,-0.3617451557335407,0.25587004912231526,fx_usdnok(+0.69); fx_audusd(-0.64); fx_usdcad(+0.64),fx_usdcnh(+0.57); fx_dxy(+0.47); fx_bbdxy(+0.46),ust_5y(+0.26); tips_10y(+0.26); ust_2y(+0.23),cny_10y(+0.37); ovx(+0.35); fx_usdbrl(-0.27),epu(+0.27); ust_2y(+0.24); tips_5y(+0.24)
75,2020-09-01,2021-10-19,2021-11-16,252,21,0.0,1,0.7595890790446974,0.5207752543705307,0.44325944587832844,0.3832664970676236,0.343308673022522,0.26894228292400996,-0.3170136285180066,-0.07879641407488533,0.5013622450393495,0.5084052885964611,fx_usdnok(+0.71); fx_audusd(-0.67); fx_usdcad(+0.67),fx_usdcnh(+0.54); xle(+0.42); fx_bbdxy(+0.37),hy_oas(+0.26); bdti(+0.26); ig_oas(+0.25),tips_5y(+0.37); epu(+0.36); tips_10y(+0.32),cny_10y(+0.47); ust_10y(+0.31); fx_usdcnh(-0.24)
76,2020-10-13,2021-11-17,2021-12-16,252,21,0.0,1,0.7050753564843497,0.5404484199488375,0.4853431358201198,0.37124341419361445,0.3404758197862371,0.5539656112000007,0.3988709583965425,0.20583005636240054,0.006943012244870396,-0.0771921949442402,fx_audusd(+0.63); fx_usdcad(-0.63); fx_usdnok(-0.63),fx_dxy(+0.50); fx_usdcnh(+0.47); xle(+0.45),cny_10y(+0.34); tips_10y(+0.25); ust_5y(+0.24),epu(+0.37); tips_5y(+0.25); be_5y(-0.25),ust_2y(+0.33); tips_5y(+0.31); epu(+0.24)
77,2020-11-11,2021-12-17,2022-01-21,252,21,0.0,1,0.7493502346030774,0.5544151437055953,0.4498170597343421,0.3834890448462907,0.33991245958986366,0.6070380771822934,-0.47534440169552905,0.04559371309484339,-0.1929948560983313,-0.08084322560968836,fx_audusd(+0.69); fx_usdcad(-0.68); fx_usdnok(-0.67),tips_10y(+0.34); fx_usdcnh(+0.32); gvz(+0.32),fx_dxy(+0.32); fx_eurusd(-0.29); be_5y(+0.28),tips_10y(+0.40); tips_5y(+0.33); cny_10y(-0.33),ust_10y(+0.40); bdti(-0.36); fx_usdbrl(-0.31)
78,2020-12-11,2022-01-24,2022-03-01,252,21,0.0,1,0.7415582353131933,0.5025215894177356,0.45466660583948026,0.37136518207432967,0.32982836412575445,0.07798112547952436,-0.2491171878081588,0.4455157785629275,-0.10369407910214169,0.02574304290863925,fx_audusd(+0.68); fx_usdcad(-0.67); fx_usdnok(-0.67),fx_usdcnh(+0.40); gvz(+0.37); cny_10y(+0.32),be_5y(+0.36); inflsw_5y(+0.28); fx_dxy(+0.25),tips_10y(+0.51); tips_5y(+0.43); ust_10y(+0.41),cny_10y(+0.46); fx_usdbrl(-0.31); fx_usdclp(-0.29)
79,2021-01-14,2022-03-02,2022-04-11,252,21,0.0,1,0.6859167454953439,0.5345986834467137,0.45053860908999527,0.37723077643352126,0.3326282709839861,-0.011891573914518732,0.2611946788114089,0.1579938003729756,0.0589719799952302,-0.0939427975311259,fx_usdnok(+0.67); xle(-0.67); fx_audusd(-0.66),fx_dxy(+0.48); fx_usdcnh(+0.41); fx_bbdxy(+0.41),cny_10y(+0.37); fx_usdcnh(+0.29); fx_usdbrl(+0.23),fx_usdclp(+0.39); tips_10y(-0.30); tips_5y(-0.30),cny_10y(+0.42); fx_usdclp(-0.35); vix(-0.29)
80,2021-03-01,2022-04-12,2022-05-17,252,21,0.0,2,0.6677195419987899,0.5730842838187644,0.41685204814955873,0.363918510153236,0.31565906355329865,0.20103761635564343,0.21008418683115565,0.21903720138965657,-0.1500361126927302,0.18019745374326673,be_5y(+0.68); inflsw_5y(+0.64); be_10y(+0.61),fx_dxy(+0.45); fx_bbdxy(+0.43); fx_usdcnh(+0.39),fx_usdclp(+0.52); fx_audusd(-0.37); fx_usdnok(+0.28),vix(+0.34); gpr(-0.32); csi300(-0.31),fx_usdclp(+0.34); fx_usdbrl(+0.33); ust_10y(-0.27)
81,2021-03-30,2022-05-18,2022-06-21,252,21,0.0,1,0.7123218950080656,0.5397114112186479,0.46405570008516644,0.4464964842951497,0.38622248523932046,0.488127521381348,0.295390813228125,-0.08791223603774398,0.13503700837529822,0.047952254079500774,xle(+0.60); be_5y(+0.60); inflsw_5y(+0.60),gvz(+0.54); gpr(+0.45); fx_usdcnh(+0.44),ust_2y(+0.35); fx_audusd(+0.35); hy_oas(-0.34),ust_10y(+0.50); ust_5y(+0.49); tips_10y(+0.49),fx_audusd(+0.39); csi300(+0.32); shcomp(+0.32)
82,2021-04-30,2022-06-22,2022-07-21,252,21,0.0,1,0.6845946906579337,0.5241306758587774,0.44781238867100137,0.39211748273474045,0.32633023249787835,0.5798216578539772,-0.038391304446681096,-0.014134279033074603,0.0987493779354725,0.26908730326344893,inflsw_5y(+0.57); xle(+0.54); be_5y(+0.54),gvz(+0.62); ig_oas(+0.44); fx_audusd(-0.42),ust_5y(+0.50); ust_2y(+0.49); ust_10y(+0.44),fx_dxy(+0.37); fx_eurusd(-0.34); fx_usdzar(+0.32),shcomp(+0.34); csi300(+0.26); fx_usdzar(+0.25)
83,2021-06-04,2022-07-22,2022-08-19,252,21,0.0,1,0.7384924081881894,0.5082412860740149,0.4681373175423249,0.431490880721944,0.35357408916011374,0.5640579609936036,0.096667646092772,-0.17014953180269746,0.2246159856548925,-0.2524235311808212,xle(+0.65); be_5y(+0.61); inflsw_5y(+0.60),gvz(+0.58); gpr(+0.46); fx_usdcnh(+0.31),ust_2y(+0.44); ust_5y(+0.43); ust_10y(+0.40),fx_audusd(+0.56); mxef(+0.44); hscei(+0.41),ust_5y(+0.44); ust_10y(+0.42); ust_2y(+0.39)
84,2021-07-07,2022-08-22,2022-09-22,252,21,0.0,1,0.7508278236084012,0.5052684301979247,0.4882732289986965,0.43870819006826817,0.3703888857459602,0.49885765377073804,-0.23604793567984064,0.22291818681828476,0.17204069432240832,0.2482448839717697,xle(+0.65); be_5y(+0.63); inflsw_5y(+0.62),mxef(+0.56); shcomp(+0.45); csi300(+0.44),gpr(+0.46); cny_10y(+0.28); gvz(+0.28),tips_10y(+0.39); tips_5y(+0.35); ust_10y(+0.32),ust_5y(+0.48); ust_10y(+0.48); ust_2y(+0.39)
85,2021-08-05,2022-09-23,2022-10-31,252,21,0.0,1,0.647236406112123,0.5292868725345115,0.44579023380840394,0.38968294081197247,0.3523655378192962,0.6419622866870256,0.18760800162267088,0.0856191337858745,-0.673875552712792,0.35864037342882166,inflsw_5y(+0.58); be_5y(+0.53); xle(+0.49),gvz(+0.57); mxef(-0.41); csi300(-0.38),mxef(+0.42); hscei(+0.38); hy_oas(-0.37),fx_usdzar(+0.25); xle(+0.25); fx_usdclp(-0.23),bdiy(+0.39); fx_usdcnh(-0.30); fx_audusd(+0.27)
86,2021-09-07,2022-11-01,2022-11-30,252,21,0.0,1,0.7480711252330698,0.5179792090845446,0.5124764246434894,0.4402143731792266,0.35786084814312286,0.6280624194608823,0.18880928952425388,0.2955316666222744,-0.21994949131112373,-0.024400884790010704,xle(+0.69); be_5y(+0.61); inflsw_5y(+0.59),gpr(+0.52); epu(+0.36); fx_audusd(+0.31),mxef(+0.51); tips_5y(+0.44); csi300(+0.42),fx_usdcnh(+0.44); fx_dxy(+0.42); fx_eurusd(-0.39),ust_10y(+0.33); ust_5y(+0.32); fx_usdclp(+0.27)
87,2021-10-19,2022-12-01,2023-01-03,252,21,0.0,1,0.7302268073246084,0.5209925719891452,0.48172854288331346,0.449768627422949,0.37653353328268674,0.5708721032057046,0.31819338731766106,0.2967276687643377,0.2222835340467309,-0.04756122222245528,inflsw_5y(+0.63); xle(+0.63); be_5y(+0.60),mxef(+0.61); csi300(+0.53); hscei(+0.47),gpr(+0.48); epu(+0.32); gvz(+0.29),ust_2y(+0.41); ust_5y(+0.41); fx_usdcnh(+0.37),fx_eurusd(+0.32); fx_dxy(-0.25); fx_usdcnh(-0.23)
88,2021-11-17,2023-01-04,2023-02-13,252,21,0.0,1,0.7734440786130109,0.5576272632481898,0.5103657865385014,0.43104976059178246,0.3718023199427722,0.4186679742407697,0.008822387505576417,0.048963120304578465,0.36131989224973177,-0.33128132333502597,xle(+0.69); inflsw_5y(+0.63); be_5y(+0.63),epu(+0.48); gpr(+0.45); fx_audusd(+0.38),mxef(+0.60); csi300(+0.51); hscei(+0.49),fx_usdcnh(+0.40); ust_2y(+0.38); fx_bbdxy(+0.37),ust_10y(+0.23); fx_usdclp(+0.22); ust_5y(+0.21)
89,2021-12-17,2023-02-14,2023-03-15,252,21,0.0,1,0.7055598127028886,0.5099847294929007,0.4842088994709821,0.42655125675726013,0.3474639539073205,0.5166785442402417,0.43397178439649814,-0.12213954260936628,0.3258810678325586,0.09849237229798206,inflsw_5y(+0.59); xle(+0.58); be_5y(+0.56),fx_usdcnh(+0.52); fx_audusd(-0.47); fx_dxy(+0.45),epu(+0.30); mxef(+0.28); fx_usdcnh(-0.26),mxef(+0.43); hy_oas(-0.43); ust_2y(+0.41),be_10y(+0.32); be_5y(+0.29); fx_usdclp(+0.27)
90,2022-01-24,2023-03-16,2023-04-18,252,21,0.0,1,0.7063983747506867,0.49853456960431103,0.4634576267384204,0.42176884462113984,0.3414856735678332,0.4039595179789303,0.23571697010654882,0.16030910648993113,0.24170149120052797,0.4906189075186137,inflsw_5y(+0.57); xle(+0.55); tips_5y(-0.54),fx_usdcnh(+0.45); fx_usdzar(+0.45); gpr(+0.42),fx_usdcnh(+0.36); ovx(-0.31); fx_bbdxy(+0.30),mxef(+0.48); hy_oas(-0.46); ust_5y(+0.39),fx_usdclp(+0.31); cny_10y(-0.27); be_10y(+0.21)
91,2022-03-02,2023-04-19,2023-05-23,252,21,0.0,1,0.6953060735022003,0.5430013771258334,0.44510757216816327,0.42036373336466293,0.34505402409063485,0.16073575159155606,-0.01863087599086692,-0.056847687889274454,0.2260972648172955,0.12808351006150784,tips_5y(+0.55); xle(-0.51); inflsw_5y(-0.50),fx_usdzar(+0.47); gpr(+0.45); fx_bbdxy(+0.43),ovx(+0.39); gvz(+0.33); ust_2y(-0.29),fx_eurusd(+0.34); be_10y(+0.30); mxef(+0.29),mxef(+0.44); hscei(+0.44); hy_oas(-0.35)
92,2022-04-12,2023-05-24,2023-06-27,252,21,0.0,1,0.7638035555615897,0.5111799167891541,0.4791506144856811,0.4089020257852939,0.3880178889490454,0.6505278763408333,0.4098144693767516,-0.19432221582112355,0.4332209000183165,0.23105207246079257,fx_audusd(+0.71); fx_usdnok(-0.71); fx_bbdxy(-0.71),fx_usdcnh(+0.48); fx_eurusd(-0.40); fx_bbdxy(+0.39),ust_5y(+0.53); ust_10y(+0.51); tips_5y(+0.46),fx_usdbrl(+0.37); ust_2y(+0.32); ust_5y(+0.28),fx_usdclp(+0.29); epu(-0.27); ovx(-0.27)
93,2022-05-18,2023-06-28,2023-07-27,252,21,0.0,2,0.5988394148813064,0.5810830343029418,0.44780683204323707,0.3871198935788525,0.3377957786011887,0.3043218327022237,0.03280475454524413,-0.09418173109827126,0.12774060823268965,-0.029278963212244467,ust_5y(+0.67); ust_10y(+0.66); ust_2y(+0.64),xle(+0.72); fx_usdcad(-0.60); fx_usdnok(-0.57),fx_usdcnh(+0.36); fx_eurusd(-0.31); fx_usdbrl(+0.26),fx_usdclp(+0.37); bdiy(+0.37); fx_usdbrl(+0.31),fx_usdzar(+0.32); hy_oas(+0.30); bdiy(+0.29)
94,2022-06-22,2023-07-28,2023-08-25,252,21,0.0,1,0.7727181155495914,0.5189700558654831,0.4945668410018138,0.45794592351275304,0.36607431663592865,0.45076970637611913,0.11002117560116956,0.2720482285183667,0.4070106951930238,0.37443067493257365,fx_usdnok(+0.70); fx_bbdxy(+0.69); xle(-0.68),fx_usdbrl(+0.35); gvz(+0.30); fx_eurusd(+0.29),xle(+0.39); ust_2y(+0.38); fx_usdcnh(+0.37),ust_5y(+0.66); ust_10y(+0.64); tips_5y(+0.59),fx_usdbrl(+0.30); fx_eurusd(-0.29); inflsw_5y(+0.27)
95,2022-07-22,2023-08-29,2023-09-27,252,21,0.0,1,0.7592245357777507,0.5304906418259616,0.5081925542085597,0.44404842301372055,0.32828955788451336,0.5457918521638506,0.06145197633865726,0.30193486280994186,-0.1690651060672764,0.12843799038746267,fx_usdnok(+0.70); fx_bbdxy(+0.70); fx_audusd(-0.69),ust_5y(+0.59); ust_10y(+0.57); ust_2y(+0.57),spx(+0.33); mxwo(+0.28); fx_usdcad(-0.28),csi300(+0.41); shcomp(+0.32); ust_5y(+0.31),inflsw_5y(+0.30); be_5y(+0.30); fx_usdbrl(+0.25)
96,2022-08-22,2023-10-09,2023-11-06,252,21,0.0,1,0.7528590596861868,0.5628434327430623,0.500622669198385,0.43397727146612,0.34374253710742875,0.08165194855398329,0.3797348751589408,0.6299200100651751,0.3894453500863463,0.6393498994699913,fx_bbdxy(+0.70); fx_audusd(-0.70); fx_usdnok(+0.69),xle(+0.45); ovx(-0.43); ust_2y(+0.31),ust_5y(+0.63); ust_10y(+0.60); tips_10y(+0.58),csi300(+0.46); shcomp(+0.36); fx_usdbrl(+0.34),fx_usdbrl(+0.30); ovx(+0.26); gpr(-0.26)
97,2022-09-23,2023-11-07,2023-12-06,252,21,0.0,1,0.730542301483364,0.5863352673964732,0.5139953995948876,0.4634581818625693,0.4180163762520761,0.6091651053517692,0.2352870848813202,0.21600077945874943,0.23192245508963621,-0.19133769745372659,fx_bbdxy(+0.74); fx_audusd(-0.72); fx_dxy(+0.71),xle(+0.66); ovx(-0.44); ust_2y(+0.43),tips_10y(+0.44); ust_10y(+0.42); shcomp(+0.39),csi300(+0.47); shcomp(+0.37); hscei(+0.33),ovx(+0.46); fx_eurusd(-0.28); move(+0.25)
98,2022-11-01,2023-12-07,2024-01-09,252,21,0.0,1,0.7374358672507402,0.5763157520642362,0.5033942834431656,0.4527236497354328,0.395993690279701,0.6941267106696879,0.43746690054914283,0.33278406073235267,-0.08891751750854578,-0.027256344831709894,fx_audusd(+0.72); fx_bbdxy(-0.69); fx_usdnok(-0.68),xle(+0.61); ust_2y(+0.50); ust_5y(+0.45),tips_5y(+0.40); tips_10y(+0.40); ust_10y(+0.39),fx_usdbrl(+0.48); ovx(+0.40); gvz(+0.34),ovx(+0.30); csi300(-0.30); fx_eurusd(-0.23)
99,2022-12-01,2024-01-10,2024-02-20,252,21,0.0,2,0.7100344402568097,0.5961568308410691,0.461585060805249,0.431793427615118,0.35737511869063,0.4588420197087046,-0.1535197089325196,0.21194239739803866,-0.11651283026519463,-0.024136858646472917,fx_audusd(+0.72); fx_bbdxy(-0.70); fx_dxy(-0.67),xle(+0.65); be_5y(+0.39); ovx(-0.37),tips_5y(+0.42); ust_5y(+0.42); ust_10y(+0.41),gvz(+0.49); ovx(+0.42); fx_usdbrl(+0.39),epu(+0.24); xle(-0.24); csi300(+0.21)
100,2023-01-04,2024-02-21,2024-03-20,252,21,0.0,1,0.6917643213170845,0.5273499844886511,0.4657115358274643,0.4266021261114112,0.36819291343424265,0.48565370991144635,0.35426408119886876,-0.33550158207221215,-0.035842351315493584,-0.06825040256947855,fx_audusd(+0.74); fx_bbdxy(-0.71); fx_usdcnh(-0.70),xle(+0.69); be_5y(+0.43); inflsw_5y(+0.41),tips_5y(+0.33); tips_10y(+0.33); ust_10y(+0.29),ovx(+0.40); gvz(+0.37); fx_usdbrl(+0.34),fx_usdbrl(+0.30); fx_audusd(-0.24); gvz(+0.23)
101,2023-02-14,2024-03-21,2024-04-24,252,21,0.0,1,0.6267308525129042,0.4667147320149293,0.4453917369425615,0.36980850539463433,0.3387104435083998,0.4154413160670633,0.1433051888139757,0.1785390551909072,0.1164841986923586,-0.19382695483963036,ust_2y(+0.59); ust_5y(+0.58); ust_10y(+0.52),hscei(+0.37); xle(+0.37); spx(+0.36),xle(+0.52); ust_2y(-0.31); tips_5y(-0.31),ovx(+0.54); fx_usdnok(+0.43); fx_usdbrl(+0.40),tips_5y(+0.28); gpr(+0.27); vix(-0.26)
102,2023-03-16,2024-04-25,2024-05-30,252,21,0.0,1,0.6912810215658676,0.5637378371293585,0.4527015591753433,0.3940026366850159,0.34470076665754035,0.35102678683085414,0.36566989715717735,0.3997674405306562,0.1344257951955361,-0.06740064133209146,fx_audusd(+0.66); fx_usdcnh(-0.66); fx_usdnok(-0.58),xle(+0.53); ust_2y(+0.52); ust_5y(+0.48),ovx(+0.51); xle(-0.39); hy_oas(+0.25),gvz(+0.50); ovx(+0.32); be_10y(+0.32),fx_eurusd(+0.39); fx_dxy(-0.29); tips_5y(-0.23)
103,2023-04-19,2024-05-31,2024-07-02,252,21,0.0,1,0.7275796324865365,0.5599272274014292,0.4924829558762843,0.39241005220325365,0.31362136929699047,0.303931053445249,-0.0914316876726425,-0.10638612086059553,-0.02496605138662281,-0.10146218486123941,fx_usdcnh(+0.60); fx_audusd(-0.60); fx_usdnok(+0.56),ust_2y(+0.46); ust_5y(+0.42); fx_usdzar(+0.41),xle(+0.42); fx_usdcnh(+0.30); ovx(-0.30),gvz(+0.61); ovx(+0.50); vix(+0.28),fx_eurusd(+0.28); csi300(+0.21); tips_5y(-0.20)
104,2023-05-24,2024-07-03,2024-08-01,252,21,0.0,1,0.6599999280659418,0.5223000768772385,0.4598313370271581,0.3910777816593317,0.3333500909396929,0.4039883537331578,0.23258975557549463,0.15277485485883524,0.09490027380506694,-0.1665993456253376,fx_audusd(+0.65); fx_usdcnh(-0.60); fx_usdnok(-0.59),ust_2y(+0.45); xle(+0.43); ust_5y(+0.39),fx_usdcnh(+0.30); xle(+0.29); bdti(+0.27),ovx(+0.63); gvz(+0.52); fx_usdbrl(+0.29),fx_eurusd(+0.25); xle(-0.24); csi300(+0.22)
105,2023-06-28,2024-08-02,2024-09-03,252,21,0.0,1,0.6250527556311535,0.4964235332414398,0.446198066471527,0.36702283228661786,0.288899663038497,-0.0008567426463641184,0.4284840232738143,0.1913844141810895,0.4872141961127691,0.20389716092028468,fx_audusd(+0.64); fx_bbdxy(-0.56); fx_dxy(-0.53),xle(+0.55); fx_usdnok(-0.46); be_5y(+0.38),xle(+0.40); fx_usdcnh(+0.34); inflsw_5y(+0.26),ovx(+0.56); gvz(+0.32); epu(+0.27),be_10y(+0.43); inflsw_10y(+0.39); inflsw_5y(+0.35)
106,2023-07-28,2024-09-04,2024-10-14,252,21,0.0,2,0.6682354021922294,0.5808779927191214,0.4286491071735344,0.41807560911680786,0.3464687733936894,0.16949256161551707,-0.15063003616398263,0.07672294059771466,0.01875315140405528,0.18309297031207772,fx_audusd(+0.66); fx_usdzar(-0.56); fx_usdclp(-0.54),xle(+0.53); be_5y(+0.43); inflsw_5y(+0.41),ovx(+0.50); fx_usdcnh(-0.45); epu(+0.39),gvz(+0.44); ovx(+0.42); vix(+0.26),move(+0.38); hscei(-0.34); mxef(-0.26)
107,2023-08-29,2024-10-15,2024-11-12,252,21,0.0,2,0.6598141783626892,0.6011287398806022,0.45049333173384426,0.4179581496730578,0.30549798264171013,0.6054924351319023,0.8024051396320927,0.5997274855291421,0.054323315557064086,0.28128305061889913,fx_audusd(+0.63); fx_usdzar(-0.56); fx_usdclp(-0.56),csi300(+0.56); shcomp(+0.52); inflsw_5y(+0.43),hscei(+0.38); fx_usdbrl(-0.25); fx_usdcnh(-0.23),ovx(+0.63); gvz(+0.44); vix(+0.34),fx_usdcnh(+0.36); cny_10y(-0.29); epu(-0.28)
108,2023-10-09,2024-11-13,2024-12-12,252,21,0.0,2,0.7080850370816637,0.6027061760054069,0.4914619033572177,0.43948217154009994,0.33889070889838446,0.31611072167884147,-0.08782619602572286,-0.08594315103380216,0.020121189897746874,0.1135546544174458,fx_audusd(+0.62); fx_usdnok(-0.62); fx_usdzar(-0.60),csi300(+0.44); shcomp(+0.38); be_10y(+0.34),hscei(+0.37); epu(+0.28); tips_10y(+0.23),ovx(+0.51); gvz(+0.40); vix(+0.37),fx_usdcnh(+0.53); xle(+0.39); ovx(-0.38)
109,2023-11-07,2024-12-13,2025-01-15,252,21,0.0,2,0.6695166172874706,0.5900440353419883,0.4452632886054959,0.4203374497854562,0.3569123598059136,-0.01926827079733155,0.13910269848160603,-0.01248304703653244,0.13536207075297296,-0.07254061285412788,fx_audusd(+0.71); fx_usdzar(-0.68); fx_usdnok(-0.67),csi300(+0.43); be_10y(+0.39); be_5y(+0.39),hscei(+0.33); epu(+0.30); gvz(-0.28),ovx(+0.46); xle(-0.30); fx_usdcnh(-0.29),ovx(+0.34); epu(+0.32); xle(+0.32)
110,2023-12-07,2025-01-16,2025-02-26,252,21,1.0,1,0.24543191488321528,0.11982132528391516,0.04546433332048503,0.01632585383362007,0.008086811522564493,-0.12965036902929417,-0.4727464439818639,-0.0531138264479926,-0.05926879351884755,0.24708019048135488,epu(+0.91); gpr(+0.39); fx_usdnok(+0.11),gpr(+0.89); epu(-0.48); fx_eurusd(+0.17),move(+0.92); ig_oas(+0.41); vix(+0.40),ovx(+0.84); epu(-0.44); hy_oas(+0.30),vix(+0.68); gvz(+0.54); spx(-0.38)
111,2024-01-10,2025-02-27,2025-03-27,252,21,0.001,1,0.36336888764687486,0.23024572648380093,0.18528152628446903,0.14817587914913097,0.11386909703512028,0.11857914500649633,0.05307726442804558,0.6682161010358959,0.229188855115176,0.3820984734135376,vix(+0.63); epu(+0.61); mxwo(-0.56),move(+0.56); ovx(-0.50); gvz(+0.42),ovx(+0.77); gvz(+0.71); hy_oas(+0.41),epu(+0.64); gpr(+0.55); move(-0.45),move(+0.53); gpr(+0.50); vix(-0.46)
112,2024-02-21,2025-03-28,2025-04-30,252,21,0.0,2,0.630692926629414,0.6119138218525266,0.437574963466797,0.4242245524157196,0.3305566516324435,0.22489720822721856,0.5017381927171314,0.20468022150744003,0.5321981326990193,0.006072213325070563,hscei(+0.49); mxef(+0.38); fx_usdzar(-0.34),fx_usdzar(+0.58); fx_audusd(-0.57); fx_usdclp(+0.52),ovx(+0.42); hy_oas(+0.32); ust_2y(-0.32),hscei(+0.42); gvz(-0.34); shcomp(+0.33),gvz(+0.34); fx_usdcnh(+0.33); vix(+0.32)
113,2024-03-21,2025-05-06,2025-06-06,252,21,0.0,1,0.7332574927882876,0.5719384023217473,0.4646761339080614,0.4510619891935197,0.34591762319449293,-0.06786507709328195,-0.06413401090990511,-0.2022073987796391,0.3798492130432057,0.09462756670631024,mxef(+0.70); hscei(+0.64); ig_oas(-0.58),csi300(+0.49); shcomp(+0.47); be_10y(+0.34),hscei(+0.41); fx_usdcnh(-0.36); xle(-0.33),gvz(+0.41); fx_usdclp(-0.37); ovx(+0.35),fx_usdcnh(+0.32); fx_usdbrl(-0.25); mxwo(-0.23)
114,2024-04-25,2025-06-09,2025-07-10,252,21,0.001,1,0.3940664324009434,0.2514770968077112,0.2109207432460526,0.12466352992974705,0.09833149556239205,-0.4214481680252851,-0.2259730456510526,0.6995935948619854,-0.05906185672610514,0.03975879620231826,move(+0.76); vix(+0.70); ovx(+0.67),gpr(+0.58); gvz(+0.53); move(+0.51),ovx(+0.69); gvz(+0.46); vix(+0.37),epu(+0.62); ovx(-0.34); vix(+0.29),epu(+0.77); gpr(+0.72); vix(-0.37)
115,2024-05-31,2025-07-11,2025-08-08,252,21,0.001,2,0.3543627541124255,0.28841825274811567,0.18061380185374143,0.12156694445269807,0.09474058167438892,-0.008216723882241391,-0.014655733602839893,-0.040014444579547295,0.20914541561464717,-0.13554005812464104,move(+0.87); mxwo(-0.61); vix(+0.61),ovx(+0.90); vix(+0.52); spx(-0.43),gpr(+0.76); gvz(+0.41); move(+0.37),vix(+0.58); spx(-0.46); mxwo(-0.42),epu(+0.71); gpr(+0.59); move(-0.47)
116,2024-07-03,2025-08-11,2025-09-10,252,21,0.001,2,0.3801953648134089,0.2910845113186892,0.1564093535920262,0.13838114158178239,0.07261282810547141,-0.15421546150206863,0.1784133897238243,-0.07306410498383004,-0.11808227026073849,-0.185215053809307,move(+0.86); mxwo(-0.60); ig_oas(+0.58),ovx(+0.91); vix(+0.59); spx(-0.48),gvz(+0.70); move(+0.47); gpr(+0.42),gpr(+0.82); epu(+0.42); vix(-0.33),epu(+0.52); move(-0.49); gpr(+0.32)
117,2024-08-02,2025-09-11,2025-10-20,252,21,0.001,2,0.369698002008944,0.2854767901134231,0.1591920568810648,0.1253709823810841,0.03645495694685842,-0.10225258822974218,-0.15050834973596075,0.4615775241110145,-0.09882619263780802,-0.039516307351412656,move(+0.79); vix(+0.71); mxwo(-0.68),ovx(+0.84); vix(+0.44); spx(-0.35),gvz(+0.62); epu(+0.57); gpr(+0.51),gpr(+0.66); vix(-0.43); gvz(-0.34),move(+0.61); epu(-0.39); gpr(-0.36)
118,2024-09-04,2025-10-21,2025-11-18,252,21,0.001,3,0.3223189061882849,0.252620474184966,0.20142233505854423,0.09470121875110375,0.0895344282781932,0.4576231231231324,0.17426705206924498,0.26935144105914105,-0.12001267389144293,-0.13759844522568457,move(+0.75); mxwo(-0.40); ig_oas(+0.39),ovx(+0.90); vix(+0.61); spx(-0.52),gvz(+0.58); epu(+0.53); move(+0.51),move(+0.55); ovx(+0.44); gpr(-0.40),gpr(+0.65); vix(-0.60); spx(+0.50)
119,2024-10-15,2025-11-19,2025-12-18,252,21,0.0,1,0.7724613509026156,0.561460717451067,0.4717412300414128,0.41105359182157325,0.3369236586516264,0.17671801351440916,0.09822522345669639,-0.0550730724946687,-0.12720729031305042,-0.06933701216443572,hscei(+0.67); shcomp(+0.64); mxef(+0.64),gvz(+0.46); ovx(+0.25); be_5y(+0.21),fx_dxy(+0.47); fx_usdzar(+0.47); fx_bbdxy(+0.44),ovx(+0.32); fx_usdbrl(-0.31); epu(+0.26),hy_oas(+0.38); epu(-0.27); gpr(-0.20)
120,2024-11-13,2025-12-19,2026-01-23,252,21,0.0,1,0.6870771188603224,0.5527127701351668,0.5246085570938546,0.4264157341394696,0.33397275670140214,0.2919918170636329,0.283115253326599,0.3441539953784907,-0.3745052382294447,0.10692991082846907,hscei(+0.60); shcomp(+0.57); mxef(+0.55),fx_usdcnh(+0.40); csi300(-0.35); shcomp(-0.35),fx_dxy(+0.53); fx_bbdxy(+0.46); fx_eurusd(-0.41),ovx(+0.42); inflsw_5y(+0.28); be_5y(+0.27),hy_oas(+0.39); fx_usdcad(-0.28); xle(-0.27)
121,2024-12-13,2026-01-26,2026-03-04,252,21,0.0,3,0.6316104191582683,0.5493772741248462,0.5361253731787649,0.4021596615496422,0.3258926748287754,0.4128644891835861,0.32224804880367436,0.4380757796700286,0.10965310478352597,0.10422789084269547,xle(+0.59); ig_oas(-0.44); be_5y(+0.43),csi300(+0.48); fx_usdzar(-0.47); shcomp(+0.46),csi300(+0.43); shcomp(+0.41); hscei(+0.41),fx_usdcad(+0.34); fx_bbdxy(+0.27); xle(+0.27),hy_oas(+0.34); ovx(+0.32); mxwo(-0.32)
122,2025-01-16,2026-03-05,2026-04-02,252,21,0.0,3,0.6291719681411748,0.582169949411597,0.5721337986350392,0.36157096165169506,0.32837891207398556,0.509240527060027,0.4843406261100928,-0.17228658697092789,-0.1573570887370983,0.07563350950646364,xle(+0.60); ig_oas(-0.48); inflsw_5y(+0.47),fx_usdzar(+0.69); shcomp(-0.59); csi300(-0.57),hy_oas(+0.37); ovx(+0.34); gvz(+0.34),hscei(+0.30); epu(-0.26); cny_10y(+0.24),bdiy(+0.35); vix(+0.29); hy_oas(+0.25)
123,2025-02-27,2026-04-07,2026-05-11,252,21,0.0,3,0.6749588163800402,0.5930988537073147,0.5212942795290342,0.41946846521524245,0.3764833330857285,0.6380173739596718,0.403986565224535,-0.31959863135794203,-0.17306661414815613,-0.052243708762074494,shcomp(+0.68); hscei(+0.60); csi300(+0.58),fx_usdzar(+0.62); csi300(-0.47); fx_usdcnh(+0.46),hy_oas(+0.46); spx(-0.43); mxwo(-0.40),mxef(+0.30); epu(-0.28); ovx(-0.27),bdiy(+0.39); inflsw_10y(-0.32); epu(-0.30)
124,2025-03-28,2026-05-12,2026-06-01,252,14,0.0,2,0.6900044466600911,0.6034079598557929,0.4872499183083955,0.39641780722340386,0.365523535332277,0.6002626611137446,0.10824617567763177,0.1277911652785452,-0.10891390226046184,-0.11259575550565779,shcomp(+0.58); hscei(+0.55); csi300(+0.48),fx_usdzar(+0.64); csi300(-0.52); shcomp(-0.50),hy_oas(+0.48); spx(-0.39); mxwo(-0.37),mxwo(+0.32); hy_oas(-0.27); bdiy(-0.27),bdiy(+0.43); epu(-0.39); bdti(+0.33)
