arm,substituted_dims,v_full_std,retained_share_vs_none,cw_p,n_origins
none,-,-5.799927677588518e-07,1.0,0.0018303439873774696,1081
only_cv1,1,-8.012857225169704e-07,1.3815443347909595,0.023556234543598342,1081
only_cv2,2,1.204083156347677e-07,-0.2076031328804962,0.00016550731661579832,1081
only_cv3,3,-1.0977965641622124e-06,1.8927762985807643,0.008629829202140282,1081
only_cv4,4,-7.260697322890547e-07,1.2518599759349731,0.0011008565635343137,1081
only_cv5,5,3.2871308209273713e-07,-0.566753760332075,3.1992054636553746e-06,1081
spanned_block,1,-8.012857225169704e-07,1.3815443347909595,0.023556234543598342,1081
weak_block,2.3.4.5,2.8853819950805295e-07,-0.4974858576650748,3.6534692742229424e-06,1081
all,1.2.3.4.5,1.6859578437527405e-07,-0.2906860115286342,7.460275062887156e-05,1081
