date,fx_dxy,fx_bbdxy,fx_eurusd,fx_usdcnh,fx_audusd,fx_usdbrl,fx_usdclp,fx_usdcad,fx_usdnok,fx_usdzar,ust_10y,ust_5y,ust_2y,tips_10y,tips_5y,be_10y,be_5y,inflsw_5y,inflsw_10y,cny_10y,hy_oas,ig_oas,vix,move,ovx,gvz,spx,mxwo,mxef,csi300,shcomp,hscei,xle,bdiy,bdti,gpr,epu,regime
2013-11-01,0.006475652014,0.003916331748,-0.007166371034,-0.0007883456647,-0.00190536736,0.005920206025,0,-0.001055105369,0.00491863438,0.01414299758,0.0676,0.0425,0.0041,0.089,0.07,-0.022,-0.0336,-0.0245,-0.02,0,-0.05,0.01,-0.47,7.8819,0.7,0.11,0.002899228335,-0.003124299575,-0.006352183276,0.004724007877,0.003704350084,0.004850352445,-0.003594831957,0.01386618453,0.01501279239,64.67,45.43,R1
2013-11-04,-0.002021467926,-0.00248415494,0.001999926595,9.857720246e-05,0.007599783253,-0.003067009849,0.01209427383,0.0004797313596,-0.003774950585,-0.005649009718,-0.0183,-0.0195,-0.0078,-0.014,-0.014,-0.003,-0.0065,-0.0045,0,0,0.03,-0.01,-0.35,-5.3475,0.45,-0.38,0.003564177313,0.003716814569,-0.0007883480624,-0.00189280727,3.395983018e-05,0.0006899215102,0.01235367555,0.0175500117,0.006600684031,55.29,146.15,R1
2013-11-05,0.001897569077,0.00277947704,-0.002964282592,0.000279249314,-0.0003155071804,0.01887430903,0.004820316822,0.002969208637,0.006868158867,0.01099300458,0.0661,0.0294,0.0001,0.06,0.021,0.0054,0.0068,0.005,0.01,0,-0.01,0,0.34,4.3466,0.44,-0.11,-0.00280948385,-0.002734732789,-0.01053177067,0.001393722598,0.003531566579,-0.004587497452,-0.009106166319,0.03045920748,0.01144738584,59.76,63.38,R1
2013-11-06,-0.002766939956,-0.002473553469,0.002890282517,-0.0006407465738,0.002101503348,-0.0002621461043,-0.0009117450849,-0.003640896999,-0.005977664415,0.002437384822,-0.0275,-0.0456,-0.0118,-0.079,-0.106,0.051,0.059,0.054,0.0325,0,0.03,0,-0.6,-1.4908,-1.2,-0.76,0.00425645761,0.005169710468,-0.0001082416151,-0.01274994369,-0.008207459555,-0.007130649421,0.002948405084,0.0012492194,0.01292425098,76.1,57.22,R1
2013-11-07,0.004487759193,0.003585151087,-0.006980571937,8.216994392e-05,-0.007586170614,0.007704567243,0.004048000414,0.004214565625,0.01520029266,0.002946168954,-0.0422,-0.0293,-0.0079,-0.015,-0.004,-0.0269,-0.024,-0.02,-0.0208,0,-0.02,0.01,1.24,-0.5525,-0.19,0.58,-0.01327045549,-0.01204573743,-0.005921907574,-0.005547379866,-0.004781917411,-0.008294439521,-0.01553305031,-0.005633817718,0.01275934375,53.58,46.97,R1
2013-11-08,0.00564917505,0.004453651207,-0.003882630129,-0.0008220034329,-0.007431032072,0.002814524796,0.0005797101612,0.001623609544,0.01494010813,0.003682638602,0.1478,0.1049,0.0281,0.142,0.074,0.0055,0.0195,0.01,0,0.03,0.04,0,-1.01,3.4036,-1.09,-0.64,0.01333823104,0.004904633429,-0.0148495117,-0.01402625985,-0.01098953411,-0.00801343944,0.0147823212,-0.007561472701,0.006319136351,120.52,84.94,R1
2013-11-11,-0.002610935385,-0.0007637549697,0.00298797563,-0.0001973814073,-0.002774222863,0.00801037875,0.007333231465,-0.0002863278473,0.001481807425,0.002405763396,0,0,0,0,0,0,0,-0.0081,-0.0094,0.16,0,0,-0.37,0,-0.01,-0.22,0.0007226535247,0.002852569245,-0.002323605751,0.003434378268,0.001586489367,0.01832542844,0.001846935767,-0.0108109161,0,120.52,179.62,R1
2013-11-12,0.001244739289,0.00114541382,0.002160713131,-0.0003126002609,-0.006109016373,0.0004717284647,0.003044492112,0.001812026627,0.007634676627,0.0006367030574,0.0251,0.0412,0.0161,0.013,0.028,0.0131,0.0129,0.0225,0.0277,0.02,-0.04,0,0.29,-0.2808,0.63,2.05,-0.002373164031,-0.001431523129,-0.001552075456,0.01035686647,0.008168132088,-0.002013762172,-0.009268980739,-0.01351806874,0.006279455485,120.52,7.71,R1
2013-11-13,-0.00328156329,-0.003499094493,0.003788586785,-0.0001481079216,0.006215859688,0.0009856228434,-0.004983239828,-0.003627342656,-0.00427212767,-0.008668796931,-0.0732,-0.0985,-0.0279,-0.069,-0.098,-0.0048,0.0039,-0.0019,-0.011,-0.01,0.07,0,-0.3,-3.8155,-0.69,-0.74,0.008062719573,0.001881185889,-0.01173840286,-0.02242040967,-0.01842692433,-0.02735528967,0.008692179662,-0.007807456705,0.00624026986,120.52,55.9,R1
2013-11-14,0.001197908127,0.0003337750976,-0.001929642873,0.0002961939104,-0.004711938467,-0.008732928529,-0.002828475184,0.0006691840984,-0.001947926075,-0.008823112477,-0.0096,-0.0261,-0.008,-0.034,-0.049,0.0061,0.0203,0.0095,0.001,0.05,0.01,0,-0.15,-3.8777,0.29,-1.02,0.004825599547,0.007030846342,0.01206111038,0.007133213484,0.00599985517,0.01108211851,0.005982530498,-0.009186416309,0.006201570263,120.52,48.95,R1
2013-11-15,-0.002149847621,-0.001905978865,0.002596729582,-0.0005430892034,0.005566274273,0,0.006281053659,-0.002392002289,-0.006684189936,-0.002840310707,0.0133,0.0148,0.0002,0.009,0.014,0.0028,-0.0019,-0.002,0.003,0.01,-0.02,-0.01,-0.18,0.2301,-0.53,-1.41,0.004213113677,0.005342646181,0.01342073485,0.01986218504,0.01667565722,0.02954348847,0.00549074818,-0.006613780722,-0.007757990811,120.52,68.24,R1
2013-11-18,-0.0002968937513,-0.001505735364,0.000740685909,-0.0004116276639,0.0009602561421,-0.0219731457,-0.008962977375,-0.0009584052871,0.001814037219,-0.001467539574,-0.0375,-0.0311,-0.012,-0.041,-0.027,0.002,-0.0029,-0.0125,-0.0028,0.15,-0.04,-0.02,0.91,-3.8638,0.32,1.49,-0.003705038907,0.0008137298866,0.01982857126,0.03271256175,0.02833854451,0.0549551419,-0.007672525471,-0.004655811536,0.007757990811,120.52,98.11,R1
2013-11-19,-0.001498183269,-0.0003447681468,0.002366514934,-0.001714191948,0.006060302425,0.003042934147,0.004145263472,0.003828122198,-0.005698301021,0.0036402673,0.0411,0.0411,0.0081,0.046,0.069,-0.0055,-0.0272,-0.0269,-0.0052,0.03,-0.05,0,0.29,3.9817,0.12,-0.07,-0.002045036194,-0.003939176386,-0.000751281849,-0.006915868311,-0.001865002463,0.005126863782,0.00172285117,-0.003338901266,0.004626068389,120.52,83.02,R1
2013-11-20,0.005042775308,0.004001834186,-0.007339618521,0.001137628415,-0.01065653733,-0.001762891598,0.008639983248,-0.001529490787,0.003998759815,-0.003137712636,0.0918,0.0198,-0.0121,0.105,0.044,-0.0176,-0.0246,-0.0196,-0.005,0,0.01,0,0.01,4.158,0.04,3.59,-0.003642235986,-0.003160069301,-0.004853001061,0.00524705515,0.006131293388,0.006314132917,-0.002412823598,0.02117881939,0.007662872746,120.52,94.99,R1
2013-11-21,-0.000480932278,0.001862709113,0.003194534866,1.647785788e-05,-0.01077132344,0.01662330492,-0.003688242904,0.006103976987,-0.00367039033,-0.002228929656,-0.0145,-0.0098,-0.004,-0.038,-0.028,0.0267,0.0155,0.011,-0.0121,0.04,0.02,-0.01,-0.74,1.8969,-1.18,-1.74,0.008095716274,0.003098203043,-0.01514993326,-0.00614706869,-0.000383919881,-0.009161007707,0.009502618876,-0.01850680712,-0.004590673709,120.52,92.72,R1
2013-11-22,-0.00451228042,-0.002363290681,0.005621316578,0.0008729381509,-0.005538375453,-0.01121229817,-0.005028704864,-0.0002852931406,-0.004623505805,-0.005802685906,-0.0415,-0.0163,0.0082,-0.041,-0.013,-0.0012,-0.0002,0,0.0233,-0.08,-0.01,-0.01,-0.4,-1.5387,-0.59,-0.97,0.004949171494,0.004204371695,0.004897174299,-0.005004222217,-0.00426520088,0.0101485033,0.005341225267,-0.01073115596,0,120.52,67.16,R1
2013-12-02,0.003032086726,0.003217842716,-0.00361184191,0.0002300626109,-0.0002196112889,0.007335726162,0.001126570276,0.00282246871,-0.001159496157,0.009771061146,0.0506,0.0425,0.004,0.054,0.042,-0.0037,-0.0019,-0.002,-0.0053,0,-0.04,-0.01,0.53,5.1823,0.28,2.1,-0.002722704644,-0.004357251736,-0.004764445057,-0.008296103558,-0.005931982502,0.009291329662,0.0006938822991,0.02387525235,0.008862687258,37.75,115.32,R1
2013-12-03,-0.004135819065,-0.003247232438,0.003391083235,-0.0003451137677,0.003398567104,0.006522683016,0.002399116477,0.0004696379178,-0.003716167952,0.005522918562,-0.0126,-0.0178,0.0001,-0.001,-0.012,-0.0095,-0.0083,-0.006,-0.004,0,0.02,0.01,0.32,-1.0679,-0.79,-0.34,-0.003197956035,-0.004964998683,-0.0106441498,0.00986931988,0.006906961277,-0.008672708625,0.002424803451,0.03010525745,0.02037916234,81.95,103.28,R1
2013-12-04,0.0003473729952,0.0001861203224,0.0003679040548,-0.0008715314015,-0.01189048469,0.008993924626,0.00173950496,0.003281304214,0.009419016901,0.01015061153,0.0517,0.0458,0.004,0.075,0.066,-0.0244,-0.0237,-0.021,-0.02,0,-0.02,0,0.15,3.7158,-0.43,-0.27,-0.001304362552,-0.005326219456,-0.006965391491,0.01316022507,0.01300384494,-0.006974612719,-0.003234379625,0.03677636099,0.007178781727,99.3,98.29,R1
2013-12-05,-0.004774525091,-0.003502905496,0.00542921363,-8.225916577e-05,0.003758571747,-0.01407287066,-0.01002957152,-0.002811886753,-0.000227490617,0.001493652257,0.0375,0.0444,0.0119,0.027,0.029,0.0126,0.0137,0.0345,0.0001,0.07,-0.02,0,0.38,0.3047,-0.47,0.96,-0.004348999543,-0.003658365559,0.002707854428,-0.00280782004,-0.002088990663,0.002368599259,-0.003360958139,0.07299688084,0.0142047843,44.55,71.41,R1
2013-12-06,0.0009965743584,-0.0004915840904,0.002849525181,-0.001415917784,0.004293978522,-0.01066472014,0.01002957152,-0.001314924581,0.001558897396,-0.01276772883,-0.0164,0.002,0.0002,-0.005,0.018,-0.0143,-0.0151,-0.022,0.0049,0,-0.02,0,-1.29,-6.8631,-0.64,-1.28,0.01117523022,0.008550600284,0.003748786036,-0.006466858157,-0.004440069906,-0.001718784662,0.003129530227,0.01434877661,0.04279465967,49.92,59.69,R1
2013-12-09,-0.002256169584,-0.001781557907,0.002404810778,-0.0008736000292,0.00109805655,-0.005936011924,-0.0106526892,-0.001222551523,-0.004195059891,0.007078017779,-0.0164,-0.0048,-0.0039,-0.024,0.003,0.008,-0.0074,-0.0125,0.003,0.02,-0.03,-0.01,-0.3,-1.4828,0.15,0.15,0.001815435013,0.003089584869,0.01048169361,-0.0005792183162,0.0004880111142,0.004976096556,0.001387764765,0.003211748574,0.0253515912,65.9,67.72,R1
2013-12-10,-0.00209868909,-0.002446194824,0.001600000341,0.0001813759847,0.004270936788,-0.004887024539,0.004278464397,-0.002260952447,-0.004392740274,-0.003122442666,-0.0383,-0.0295,0.0001,-0.036,-0.031,-0.0073,0.0026,0.005,-0.007,0.09,0.04,-0.02,0.42,2.7578,-0.15,-1.02,-0.003184724887,-0.002085506491,-0.0004345507406,0.0009991457117,-0.0003163756603,-0.004449695881,-0.00300926153,0.02443560494,0.02729214229,65.9,98.47,R1
2013-12-11,-0.0009007882506,0.0009772228895,0.00181508018,0.001696744471,-0.01131942412,0.01523068637,0.003098448561,-0.00122682033,0.003887496321,0.001610624682,0.0529,0.0479,0.008,0.035,0.034,0.018,0.0122,0.0138,0.028,0,-0.04,0,1.51,1.2703,0.03,0.39,-0.01138138394,-0.00877943636,-0.00969797215,-0.01667088883,-0.01500638968,-0.0274535201,-0.01424259425,0.02733856327,0.01904819497,65.9,101.72,R1
2013-12-12,0.003897568956,0.003860058164,-0.002396602331,-1.64594152e-05,-0.01234377641,-0.003250366389,-0.0008253146981,0.0047103243,0.01034715686,0.001078727976,0.0238,0.0332,0.0161,0.019,0.024,0.0048,0.007,0.0087,0.004,-0.04,0,0,0.12,1.0167,0.21,2.22,-0.003777704818,-0.007156260255,-0.01106291403,-0.001136274221,-0.000621743525,-0.01014253042,0.004223871116,0.01639380978,0.01125715452,65.9,110.87,R1
2013-12-13,9.973818734e-05,-0.0006882042075,-0.0008001455237,-0.0005433127392,0.003016593539,-0.001929550585,-0.005683116538,-0.005182579327,-0.003070262899,-0.00930365218,-0.0127,-0.0046,0.0023,-0.033,-0.019,0.0188,0.019,-0.0005,0.0126,0.02,0.03,-0.01,0.22,-0.1879,0.23,-0.37,-0.0001013850323,-0.0006422365162,-0.001049445101,-0.00140346238,-0.003055786464,0.005788628134,-0.003283690062,-0.002999787979,0.0233569315,65.9,127.96,R1
2013-12-16,-0.001746856104,-0.001072576106,0.001381667674,-0.0002964768687,-0.001786512311,-0.0005151762446,-0.004691203156,0.001038666823,-0.004980906048,-0.0008262254121,0.0138,0.0035,0.0061,-0.004,-0.023,0.0156,0.0265,0.0355,0.0234,-0.02,0.01,-0.01,0.27,-2.6929,-0.93,0.04,0.00630010001,0.006604123315,-8.07721821e-05,-0.01621965118,-0.01616492269,-0.00852082909,0.008655024788,-0.01644346873,0.007263954458,65.9,100.86,R1
2013-12-17,-0.0001623630066,0.0004134224547,0.0005085546261,0,-0.005491132753,-0.004174113684,0.007254485559,0.001037589114,-0.006085294207,0.004366395449,-0.043,-0.0379,-0.0119,-0.047,-0.04,0.0036,0.001,0.0074,0.005,0.02,0.05,-0.01,0.18,-1.4546,0.21,-0.12,-0.003105784071,-0.003397057482,9.086824615e-05,-0.004885389561,-0.004537176668,-0.00348016713,-0.005724985826,-0.02966788323,0.02853939236,65.9,99.02,R1
2013-12-18,0.0005494299802,0.004497214009,-0.006046716417,0.0005764021141,-0.00427928581,0.005247098185,0,0.009009915479,0.004848395409,0.001489909527,0.0577,0.0465,0.014,0.076,0.055,-0.0163,-0.0153,-0.0249,-0.0215,0.03,-0.01,-0.01,-2.41,-3.5069,-0.44,-0.4,0.01651089253,0.01307346768,0.002228733419,0.0003606577588,-0.001299727305,0.006153983833,0.01499826429,-0.03150226257,0.01973366416,65.9,97.71,R1
2013-12-19,0.006532514598,0.002329018853,-0.001755284587,6.585337748e-05,0.0006768953327,0.01104889341,-0.0005648653888,-0.003650493126,0.001708470359,0.00430245112,0.036,0.0959,0.0314,0.052,0.064,-0.0173,-0.0073,-0.004,-0.0185,-0.03,-0.07,-0.02,0.35,2.7874,-0.56,0.68,-0.0005800704534,0.002864985732,-0.002067210255,-0.01058513308,-0.009585027068,-0.01689411346,0.002880352242,-0.01025650017,0.03056265041,65.9,152.19,R1
2013-12-20,-0.0006823609954,-0.001702194676,0.0008780274216,-0.0006752027923,0.00629569252,0.01289850963,0,-0.002723134224,0.001705556465,-0.003152675876,-0.0405,0.0378,0.0118,-0.05,0.029,0.0105,0.0138,-0.006,0.001,0.02,-0.01,0,-0.36,-0.4374,-0.84,-1.06,0.004807171488,0.005103183917,-0.002415472318,-0.02354274723,-0.02041477293,-0.0139595968,-0.002880352242,0.03408897554,0.03827695263,65.9,52.07,R1
2013-12-23,-0.001589845201,-0.0009697849111,0.001680734072,4.942054413e-05,0.001232010012,-0.01285608552,-0.006386296882,-0.002824860636,-0.001104218877,-0.001033771571,0.0388,0.0214,0.0078,0.026,0.004,0.0126,0.0181,0.0225,0.012,0,-0.05,0,-0.75,-1.1474,-0.44,-0.25,0.00530400469,0.006507495528,0.004472608985,0.002831633762,0.002353815351,0.001771962571,0.001037882812,0.01750886479,0.05834988306,65.9,75.16,R1
2014-01-01,0.0009116852445,0.0005295779192,0.001454228425,-0.0004128444213,-0.003482562639,0,0,0.001974891318,-0.000774433837,0.001162048765,0,0,0,0,0,0,0,0.003,0.002,0,0,0,0,0,0,0,0,1.204035928e-05,-2.99199641e-05,0,0,0,0,0,0,112.16,173.05,R1
2014-01-02,0.006495064454,0.003386582205,-0.006633886184,-0.0004460634971,0.002809464117,0.01200798098,0.001700359374,0.002439712198,0.01630066585,0.01684011856,-0.0392,-0.023,0.0002,-0.06,-0.053,0.0189,0.0287,0.045,0.028,0,0,-0.01,0.51,-0.1477,2.48,-1.23,-0.00890141028,-0.009599899513,-0.01190914273,-0.003460873057,-0.003119733015,-0.009923205093,-0.0143379789,-0.07475004845,0.0237870482,82.13,103.08,R1
2014-01-03,0.001994784488,0.001415829204,-0.006089303875,-0.0003966679941,0.00380824833,-0.004743821998,0.001885903435,-0.003285616661,-0.001346932687,0.007163140612,0.0058,0.0152,0.0164,0.005,0.007,0.0015,0.0118,0,-0.01,0.05,-0.02,-0.01,-0.47,-0.6521,0.36,-1.23,-0.0003330285152,0.0005043645873,-0.01147057667,-0.01352789905,-0.0125234134,-0.02578206845,-0.003674363992,-0.03712163995,0.004885207566,117.95,113.11,R1
2014-01-06,-0.001721970409,-0.002305408961,0.002939233507,-0.000876532955,0.002456455009,0.001429713039,0.003385689306,0.001972665146,0.002108849837,-0.01031322197,-0.0372,-0.0428,-0.0038,-0.033,-0.041,-0.007,0.0038,0.0098,0.001,0,-0.02,0,-0.21,-2.86,0.1,0.31,-0.002514940612,-0.002975169586,-0.007244218144,-0.0230238323,-0.01812954187,-0.01410819109,0.001379469123,-0.04264503705,-0.01968567507,103.52,121.14,R1
2014-01-07,0.002241695214,0.002559069974,-0.0009543036144,-0.0007613877486,-0.004470779773,-0.003072199037,0.0005631687778,0.01026990634,-4.861566884e-05,-0.0001502516718,-0.0185,-0.0115,-0.0018,-0.016,-0.022,-0.0028,0.0118,0.0062,-0.014,0.01,-0.01,0,-0.63,3.8912,-1.03,-0.38,0.00606335341,0.003946721413,-0.0009671280141,-0.0002859287342,0.0007857267864,-0.005303356811,0.007553251749,-0.03920021106,0.007920833491,91.53,93.88,R1
2014-01-08,0.002335424743,0.002231393402,-0.002942043899,-3.311696914e-05,-0.00291676222,0.01014853967,0,0.00500325328,0.005140152914,0.01144811883,0.0503,0.0828,0.0341,0.018,0.055,0.0333,0.0277,0.019,0.031,-0.04,-0.08,0,-0.05,1.5066,0.5,0.31,-0.000212223532,0.001528282617,0.00173810241,0.001745571225,-0.001455156444,0.009112216446,-0.006979034105,-0.02701406841,0.01176484158,93.83,106.42,R1
2014-01-09,-0.0002098415704,-0.0005646857382,0.002354327162,0.0001655738794,-0.0001123532387,-0.00259024209,0.005987481635,0.00203120742,-0.004200668589,0.002374020441,-0.0242,-0.0131,0.0042,-0.05,-0.034,0.0273,0.0235,0.0193,0.029,-0.02,0.02,-0.01,0.02,-1.5414,-0.66,-0.97,0.0003482405725,-0.002305448551,-0.01039115264,-0.008821484897,-0.008211321194,-0.01728335859,-0.003104699786,-0.0679763331,0.01451404288,61.47,60.31,R1
2014-01-10,-0.004292887462,-0.004323581932,0.004545795642,-0.001176168642,0.01061759066,-0.01347672534,0,0.004601093973,-0.005178120667,-0.01424484317,-0.1073,-0.1287,-0.0593,-0.077,-0.087,-0.0337,-0.036,-0.0333,-0.032,-0.01,0.08,0.01,-0.75,-12.5607,-0.04,-1.19,0.002304035797,0.00529460752,0.007283067067,-0.007847216843,-0.007089504368,0.001167466602,0.0008058481988,-0.1207181713,0.009560302262,96.66,67.96,R1
2014-01-13,-0.001799331631,-0.002526663506,7.3150214e-05,-0.0005803108971,0.006537781611,-0.0005089274464,-0.006175169324,-0.00266605536,-0.004354746943,0.01689965878,-0.0322,-0.0296,-0.0139,-0.021,-0.02,-0.0132,-0.0088,-0.011,-0.015,0,0.03,0,1.14,-2.2663,0.28,-0.6,-0.01265594227,-0.005877878593,0.007465748361,-0.005078980483,-0.001856390337,0.00174766621,-0.02010877312,-0.08053886248,0.001901141257,108.97,100.01,R1
2014-01-14,0.001848922506,0.003943890377,0.0005850091575,-0.00162666437,-0.009655477044,-0.003016465378,-0.008766611266,0.00761157327,-0.005770224033,0.0008218406923,0.0452,0.0562,0.0222,0.056,0.057,-0.008,-0.0057,-0.01,-0.011,0.03,-0.04,0,-1,2.718,0.06,-0.17,0.01075984662,0.003833630201,-0.002191837821,0.008700778588,0.008561133607,-0.00326977698,0.01294856237,-0.01808367543,0.03453446309,91.65,57.03,R1
2014-01-15,0.004514847887,0.004424441007,-0.005424437872,0.0004152168737,-0.005703756446,0.004034061395,0.002383069991,-0.001096892249,0.008887347055,0.004301319591,0.0203,0.0249,0.0123,0.002,0.01,0.0189,0.0196,0.016,0.021,-0.04,-0.06,-0.01,0,-0.8187,-1.11,-0.07,0.005152889148,0.004994378884,0.002652127607,-0.001768515022,-0.001725351584,0.005166339845,-0.002901748888,0.00291545396,0.04660341499,87.8,67.7,R1
2014-01-16,-0.001445006643,9.72389014e-06,0.001101928486,0.0004814356837,-0.01071217325,0.0007201711777,0.006946498693,-0.0003658982844,0.006966066702,0.0004869913678,-0.0498,-0.0314,-0.0079,-0.023,0.005,-0.0264,-0.0362,-0.029,-0.02,0,0.01,0,0.25,-0.0152,-0.79,-1.04,-0.00134803378,-0.0003976694214,-0.003298304672,0.001311985856,0.0001744480983,-0.001399753334,0.001393890341,0.01731645001,0.06770774952,60.78,80.94,R1
2014-01-17,0.003885655735,0.002534707899,-0.005817180721,-0.000298794863,-0.004544945899,-0.007993239837,0.01187925986,0.003105876252,-0.003972344769,-0.001820539493,-0.022,-0.0146,-0.0114,-0.025,-0.023,0.0038,0.0098,0.003,0,0.01,0,0,-0.09,-0.5221,-0.79,-1.05,-0.003902745829,-0.001218093051,-0.002444888527,-0.01519277206,-0.009309389214,-0.001988720761,-0.001626394411,0.0163182053,0.04088745883,64.95,66.52,R1
2014-01-20,0,-0.001805685486,0.000812017909,-0.000614469956,0.003410644507,0.0004694535221,0.009465277268,-0.001369050549,0.003470592673,-0.001280038484,0,0,0,0,0,-0.0009,0,-0.004,-0.007,0,0,0,0,0,0,0,0,-0.0001267186215,-0.001492468459,-0.005754444487,-0.006854535194,-0.0125816706,0,0.004914014802,0.05427392253,85.71,118.21,R1
2014-01-21,-0.00156478165,0.0009809111605,0.0006638881961,0.002074396887,-0.000567633551,0.007057852427,-0.0002203897234,0.001642635887,-0.001198749556,-0.002334067825,0.0092,0.0199,0.0043,0.012,0.024,-0.0033,-0.0032,-0.006,-0.003,-0.01,-0.02,0,0.43,-0.7309,1.14,1.63,0.002769859205,0.001435204974,-7.210659418e-05,0.009840663783,0.008531475274,0.01759794498,0.008220969128,-0.04219431761,-0.002980628138,125.09,93.53,R1
2014-01-22,0.0008504607175,0.001241754137,-0.001032905507,-0.0004974629493,0.005210114855,0.005408387713,-0.003864703548,0.01088248701,-0.0007458935664,0.004386861218,0.037,0.055,0.0245,0.032,0.045,0.005,0.0088,0.0095,0.0018,-0.06,-0.03,0,-0.03,0.9748,-0.09,-0.35,0.0005747344722,0.001354919921,0.005875059267,0.02545266158,0.02139703603,0.01054468392,0.004601940933,-0.03493480488,-0.01276772883,81.95,141.56,R1
2014-01-23,-0.009022059279,-0.005005526238,0.0109386988,0.001475085416,-0.009534691983,0.01114661222,0.01251516578,0.001352021478,-0.01251964871,0.01082911,-0.0884,-0.0996,-0.0404,-0.058,-0.087,-0.0296,-0.0118,-0.0243,-0.0458,0.01,0.11,0.02,0.93,1.6962,0.62,0.39,-0.008929311341,-0.006817268167,-0.01287348037,-0.005322096978,-0.004674735408,-0.02126109263,-0.01142869582,-0.03934174922,-0.0623740726,61.22,92.85,R1
2014-01-24,0.0002486077976,0.0002143413882,-0.001315116723,0.0008277460948,-0.009741639127,-0.0008754925204,0.00267323921,-0.00126182982,0.009302696838,0.008677040502,-0.0622,-0.0595,-0.0241,0.055,-0.046,-0.0866,-0.011,-0.0157,-0.007,-0.05,0.16,0.03,4.37,1.2899,0.67,1.53,-0.02109646461,-0.0196346872,-0.01471383161,0.006159610503,0.005962075694,-0.009488475546,-0.02112248085,-0.01986557184,-0.04694151195,106.38,84.12,R1
2014-01-27,0.0008199674957,-0.0001266507218,-0.000365617349,-0.0008774326554,0.006428675567,0.0104556591,-0.001581257884,0.002522069433,0.0005694066124,0.002494946104,0.0329,0.0265,0.0043,0.024,0.026,0.0086,-0.0002,0.0015,0.019,-0.01,0.01,0,-0.72,0.6977,1.43,0.84,-0.004888232923,-0.008339379694,-0.01941024192,-0.0133407035,-0.01031985149,-0.02236115507,-0.003561424008,-0.02354960636,-0.04660032079,105.47,75.34,R1
2014-01-28,0.0005462717093,1.948577052e-05,-0.0001462843771,-0.001209801193,0.004566739299,-0.0005367132635,-0.007119286746,0.003323008132,-0.00366614122,-0.006787826075,0.0009,-0.0116,0.0001,-0.001,-0.025,0.0022,0.0127,0.015,-0.001,0,0.01,0,-1.62,0.313,-0.06,0.33,0.006121908511,0.003998425858,0.002626319358,0.001776463682,0.002560531561,-0.002925876027,0.007587469714,-0.03341998573,-0.02958530436,64.61,162.84,R1
2014-01-29,-0.0007822540489,0.0006330809338,-0.0005853515935,4.974670636e-05,-0.004566739299,0.006544714546,0.00597267504,0.001612614576,0.006605624136,0.0247343626,-0.0721,-0.0596,0.0116,-0.066,-0.053,-0.006,0.0002,-0.012,-0.0215,0.04,0.07,0,1.55,0.0311,-0.02,-1.26,-0.01026167639,-0.004777584344,0.002758239043,0.00356144309,0.005577220556,0.01363565712,-0.005566426406,-0.02494753038,-0.03142587626,66.8,178.46,R1
2014-01-30,0.007178692874,0.003644584543,-0.007935966406,0.000663053052,0.006273904113,-0.01180319922,-0.003319838152,-0.001254030978,0.01364180957,-0.009561719725,0.0182,0.0132,-0.0079,0.008,-0.005,0.0101,0.013,0.0142,0.0055,0,-0.06,0,-0.06,0.3062,-1.05,0.52,0.01120404951,0.002360540844,-0.0003203348594,-0.01143519683,-0.008244480873,-0.008080634829,0.003201520491,-0.01846206284,-0.02664286991,45.56,86.19,R1
2014-01-31,0.002783321583,0.000746713767,-0.005103372638,0.0003976209068,-0.004330491098,0.001659200646,0.01548310418,-0.00260264899,0.0046442306,-0.007998072236,-0.0509,-0.0196,-0.0159,-0.039,-0.043,-0.0123,-0.0012,-0.0032,-0.015,0,0.06,0,1.12,-0.1306,0.59,0.65,-0.006486303698,-0.005614627716,0.0001708580281,0,0,0,-0.01298796929,-0.01519921973,-0.03134438774,75.72,44.12,R1
2014-02-03,-0.003721049143,-0.001649332879,0.00288771442,-0.0006130649295,-0.0003426809103,0.01129210433,0.007956033151,-0.0008090979,0.000732169323,0.01422313658,-0.0679,-0.0537,-0.0335,-0.064,-0.05,-0.0039,0.0004,0,-0.0015,0,0.09,0.01,3.03,1.0739,1.3,0.53,-0.02309663229,-0.01674286362,-0.01050850396,0,0,0,-0.01803158917,-0.01543380613,-0.04789504252,156.58,77.68,R1
2014-02-04,0.001381607572,-0.001885509354,-0.0004437213503,-0.0009120078899,0.01945982892,-0.01436379326,-0.003862596673,-0.003333186276,-0.0003501010555,-0.01623043735,0.0533,0.0309,0.0176,0.061,0.027,-0.0074,-0.002,-0.002,0.0175,0,0.01,0.01,-2.33,0.9982,-0.18,-0.64,0.007612079912,-0.001266769748,-0.009758925472,0,0,-0.03194702979,0.01020540992,-0.008268306177,-0.03397354332,51.89,72.24,R1
2014-02-05,-0.001048366802,-0.001440824245,0.001035043712,0.0001161199354,-0.001682086183,-0.001289598115,0.002540979107,9.023234836e-05,-0.008214714332,0.00322950916,0.0381,0.0228,-0.0001,0.035,0.017,0.0036,0.006,-0.003,-0.001,0,-0.05,0,0.84,0.4642,-0.82,0.01,-0.00203031859,0.00155300289,-0.001286594519,0,0,-0.004112697555,-0.009839131911,0.001843318494,-0.03965277192,91.35,103.64,R1
2014-02-06,-0.00160551343,-0.0006821947443,0.004203081069,-0.0004645606667,0.005484372133,-0.008570107427,-0.01311393939,-0.001173656073,-0.002522677303,-0.008913165244,0.0328,0.0294,0.0079,0.012,0.007,0.0211,0.0169,0.01,0.0087,0,-0.07,-0.02,-2.72,-0.0777,-1,-0.59,0.01236303253,0.01284037534,0.01434197767,0,0,0.007059039757,0.01478277253,0.005509655811,-0.02733655416,43.72,137.27,R1
2014-02-07,-0.002660942058,-0.00187355513,0.003305788134,0.000282080428,0,-0.001050177577,0.00575964615,-0.00343860623,-0.00631039109,0.002624459646,-0.0174,-0.0507,-0.0162,-0.037,-0.065,0.0193,0.0176,0.0062,0.0133,0,0.02,-0.01,-1.94,-2.4338,-0.62,-1.34,0.01321421292,0.01191474773,0.008033892496,0.004543681216,0.005598433292,0.01122666628,0.01076694215,-0.0009161704718,-0.01512536107,60.64,71.97,R1
2014-02-10,-0.0006074392902,0.0004296665268,0.0008064220957,0.001359506808,-0.001116819415,0.01286191364,0.0002340170843,0.002082673818,-0.007785302583,0.006854369796,-0.0155,0.0016,0.0039,-0.03,-0.007,0.0143,0.0091,0.0168,0.015,0,-0.03,0,-0.03,-2.489,0.15,0.49,0.001568034662,0.003097358573,-0.001922256038,0.02457707504,0.02012868148,-0.003283635258,-0.004890568583,0.004572481675,-0.001173020662,55.36,67.15,R1
2014-02-11,-4.960317461e-05,-0.0004785039519,-0.0005864242948,3.313562411e-05,0.009896116788,-0.003991191429,-0.002685484685,-0.004169694221,-0.0002774219361,-0.01569635302,0.0576,0.0623,0.0238,0.067,0.061,-0.0097,0.0005,-0.0019,-0.012,-0.03,-0.09,-0.01,-0.75,-0.7672,-0.13,-0.27,0.01100135695,0.01088207586,0.009839196515,0.007919937557,0.008403438877,0.02497019922,0.0129493939,-0.004572481675,-0.007067167223,77.7,78.69,R1
2014-02-12,0.0005083159355,0.0001855695281,-0.003305059745,0.0001987906906,-0.001217824673,0.01056676153,-0.00544713925,-0.0005451572005,-0.001666149784,0.003486211165,0.0358,0.0295,0.0079,0.024,0.024,0.012,0.0028,-0.0051,0.004,0,-0.06,-0.02,-0.21,-0.4913,0.18,-0.58,-0.0002693040156,0.001980331803,0.00900930727,0.002486449266,0.002982706419,0.01409439554,-0.002363508545,-0.005514719859,-0.02029920447,59.72,50.56,R1
2014-02-13,-0.00442231252,-0.003717949238,0.006453054585,0.0005464707236,-0.005331568777,-0.01340352452,-0.0005990034939,-0.002365788183,-0.001996498609,-0.003550041049,-0.0288,-0.0607,-0.028,-0.038,-0.042,0.0109,-0.0176,-0.018,-0.013,-0.01,0.05,0,-0.16,-2.9157,-0.23,-0.1,0.005793241363,0.003340549908,-0.007866800613,-0.005119465106,-0.005490994122,-0.01248665533,0.004721444087,0.0109991943,-0.01335781853,68.09,55.58,R1
2014-02-14,-0.002330814534,-0.002650126205,0.0008767444121,-0.0008612409026,0.006106719694,-0.002007277051,-0.006411796316,9.109542252e-05,-0.004498521763,-0.009657749894,0.0108,0.023,-0.0003,0.03,0.026,-0.0207,-0.005,-0.0055,-0.016,0,-0.02,0,-0.57,-0.7917,-1.05,0.13,0.004797662714,0.004208538054,0.01206441906,0.007003123622,0.008280051644,0.006161651772,0.0129864358,0.008170721807,-0.008594282487,61.68,43.97,R1
2014-02-17,0,9.828251308e-06,0.001021897899,3.313836926e-05,-0.0002214103851,0.0005021971229,-0.0006215040598,-0.001184888258,3.29093512e-05,-0.003310910112,0,0,0,0,0,0,0,-0.0025,0.0015,0.02,0,0,0,0,0,0,0,0.002076479329,0.007264811302,0.00698037658,0.009205329415,0.01671918172,0,0.02146772962,-0.01115944625,84.4,78.93,R1
2014-02-18,-0.001598561635,-0.0001376043092,0.003786504196,0.000397574799,-0.0005537405313,0.002423737083,0.001589549506,-0.001642935747,-0.006305420095,0.004847354971,-0.0359,-0.046,-0.0122,-0.026,-0.049,-0.0108,0.0034,0.005,-0.0075,0,-0.01,0,0.3,-1.3088,0.48,0.02,0.001157800743,0.004218358805,-0.005636571424,-0.01271650909,-0.00768605352,-0.004303783013,0.004523057871,0.01405998557,-0.02397591188,95.14,64.56,R1
2014-02-19,0.001698386941,0.002768099927,-0.001891459898,0.002084678374,-0.00299550898,-0.000876881698,0.008851465019,0.0120762352,0.006256055662,0.01480129588,0.0323,0.0378,0.016,0.043,0.055,-0.0098,-0.0137,-0.027,-0.0075,0.04,-0.06,-0.01,1.63,1.2933,-0.08,0.2,-0.006545856468,-0.003317672953,0.0002294104162,0.01142222346,0.01102362171,-3.082223277e-05,0.001272044115,0.01214238683,-0.01414814597,85.04,64.88,R1
2014-02-20,0.001770242936,0.0004214137022,-0.001019962204,0.003530715915,0.0007774754654,-0.00999210631,0.00532391328,0.001713332851,0.003088805545,-0.002893727895,0.0117,0.0214,0.004,0.027,0.027,-0.0152,-0.0079,0.007,-0.02,0.01,-0.03,0,-0.71,1.4248,-0.76,-0.41,0.006013325903,0.0005859168709,-0.008870514936,-0.009233981323,-0.00176206725,-0.007931930756,0.00656570924,0.003442344191,-0.002594035177,115.87,67.61,R1
2014-02-21,-0.0006105044327,0.0003722643512,0.001966139355,0.003534705409,-0.003336302027,-0.01030609033,-0.001440974348,0.0008105552747,-0.003088805545,-0.007138491852,-0.0199,-0.0049,-0.0043,-0.028,-0.004,0.0088,-0.0023,-0.01,0.0125,-0.01,-0.02,0,-0.11,-0.3203,0.31,-0.34,-0.001920550749,0.002316142248,0.009047750582,-0.0101720443,-0.01179985355,-0.004198996745,-0.007953474005,0.009405798287,-0.01175715699,116.56,120.78,R1
2014-02-24,-0.0004737091514,-0.001362378001,-0.0008005531522,0.0006562433586,0.00644017327,-0.001920246382,-0.0006310797984,-0.00433057335,-0.006802635,-0.01230827257,0.0072,0.0116,0.0039,-0.012,-0.008,0.0194,0.018,0.015,0.02,-0.03,-0.06,-0.01,-0.45,-1.023,0.26,0.21,0.006167463481,0.005083901147,-0.0008760586268,-0.02223008395,-0.0176633007,-0.01402569142,0.01493250811,-0.0008514261902,-0.01056813006,69.37,130.38,R1
2014-02-25,-0.0007733759491,-0.0003629603874,0.00072780207,0.003013184954,-0.001772460861,0,0.002773776995,0.002257846974,0.0002650454734,-0.006244038759,-0.0359,-0.033,-0.0041,-0.039,-0.04,0.0041,0.009,0.0025,0,-0.02,-0.01,0,-0.56,-0.5649,0.31,-0.08,-0.001348595959,0.0006591326054,-0.003009469554,-0.02589099938,-0.02066139243,-0.005865383616,-0.0004561523628,0.01940170517,-0.00399202127,61.57,123.05,R1
2014-02-26,0.003637137649,0.003124987237,-0.004228644388,0.000506763671,-0.005670777414,0.003283515029,0.00806138148,0.003871611553,0.002828294738,0.008483121856,-0.0368,-0.0363,0.0105,-0.044,-0.047,0.0044,0.0066,0.0053,0.003,-0.02,0,0,0.68,0.9989,0.01,0.6,2.167857182e-05,-0.002735241309,0.0007532168993,0.002545519873,0.003452363437,0.006698891708,-0.006293286976,0.02067043417,-0.01207258123,71.67,87.53,R1
2014-02-27,-0.001792003665,-0.002134514327,0.001679016345,-0.002913306697,-0.0003345787128,-0.01276795408,0.002690544632,-0.0006292417844,-0.002463971877,-0.01100290817,-0.0268,0.0069,-0.0039,-0.024,-0.008,-0.003,-0.0036,-0.0178,-0.0105,-0.08,-0.01,0,-0.31,0.3424,0.33,-0.71,0.004935878866,0.002130054057,0.007262377647,-0.004308035346,0.002983902847,0.01535564837,0.001032524614,0.02265469056,-0.005412733107,65.92,64.84,R1
2014-02-28,-0.007426148045,-0.003416859816,0.006688015624,0.003027701671,-0.004583830487,0.010466359,-0.005835707074,-0.005138618474,-0.006028366439,0.004977453325,0.0089,0.0195,-0.0037,-0.004,-0.003,0.013,0.0203,0.03,0.0145,0,-0.06,-0.01,-0.04,-0.4745,-0.1,0.32,0.002778871607,0.004186859397,0.003306302082,0.01147464287,0.004360996234,-0.006685436245,0.005032608128,0.006379606964,-0.01503787736,70.88,71.2,R1
2014-03-03,0.004832015811,0.002200696465,-0.004866189651,0.001175875101,0.001567573941,0,0.003929909847,0.001084010946,0.007418197732,0.01305239878,-0.0464,-0.044,-0.0157,-0.044,-0.054,-0.0022,0.0119,0.0025,-0.007,0.04,0.07,0.02,2,0.0912,2.19,0.98,-0.007405881878,-0.01199718967,-0.01642100432,0.005218191245,0.009165176316,-0.01423121324,-0.006409544663,0.01420702664,-0.01247417423,180.03,59.55,R1
2014-03-04,0.001135760988,0.001127943193,0.0005822840255,0.0006363554994,0.001341681776,0,-0.001963024401,0.001443522445,-0.006086506621,-0.01305239878,0.0965,0.0783,0.0317,0.086,0.073,0.0118,0.0013,0.0035,0.0075,0.04,-0.09,-0.01,-1.9,5.4022,-1.02,-0.3,0.01515229385,0.01345845885,0.005779120061,-0.002788802715,-0.001814451865,0.002572662187,0.01084918995,0.03768227452,-0.008403410796,213.07,48.72,R1
2014-03-05,-0.000736225443,-0.00134386868,-0.0007279080246,-0.001485459909,0.003902987949,-0.01068198313,0.005095870196,-0.00569596043,-0.003015487886,-0.008468969127,0.0071,0.0066,0.0001,0.001,0.004,0.005,0.0022,0.004,0.0155,0,0,0,-0.21,-2.348,0.41,-0.17,-5.336577974e-05,0.000720901098,0.003122114713,-0.009332557818,-0.008916895484,-0.0118095325,-0.009357594244,0.0486104535,-0.01273902578,213.84,54.92,R1
2014-03-06,-0.005582970213,-0.004131180506,0.009277445683,-0.003403645838,0.01161838795,0.002240221512,-0.007349170624,-0.003997461487,-0.002255056037,-0.005877861212,0.0325,0.0262,0.0081,0.014,0.008,0.0178,0.0124,0.012,0.011,0,-0.01,0,0.32,0.1674,-0.33,-0.27,0.001716949159,0.004189987617,0.01149563049,0.004449462225,0.003158054514,0.001136800438,0.007197152218,0.06201917483,-0.01002155846,142.99,59.46,R1
2014-03-07,0.0007027142626,0.001733239227,0.001009518401,0.00152325449,-0.002423175544,0.007374411742,0.01349725742,0.009242544954,0.00123673451,0.0119637269,0.0506,0.0676,0.0282,0.035,0.031,0.0168,0.036,0.033,0.0085,0,0.02,0,-0.1,-2.8183,0.05,-0.49,0.0005379393856,-0.002934121038,-0.003665485082,-0.002427459569,-0.0008111746301,0.003767326164,0.00193324675,0.04168648561,-0.008670574551,165.26,59.24,R1
2014-03-10,0.0006144701642,0.001406048204,0.0001441337564,0.004376660479,-0.005307398571,0.004092426208,0.006637056184,0.001892318654,-0.005359069632,0.001480798784,-0.0109,-0.0148,-0.0038,-0.003,-0.008,-0.0085,-0.0045,-0.0075,-0.0065,0.02,0.03,0,0.09,-2.4785,0.32,0.01,-0.000463356252,-0.002763798406,-0.01217661553,-0.03308671182,-0.02901036157,-0.0179405155,0.001589284022,0.01223847804,0.004344684604,118.64,78.46,R1
2014-03-11,-0.0004012438613,0.0009428125975,-0.001225799627,0.0007167291397,-0.0047785833,0.005642182748,0.007777923801,-0.0001800666251,0.0007217974748,0.01019410797,-0.009,-0.0065,0.0042,0.001,0.003,-0.0094,-0.0106,-0.01,-0.0085,-0.01,0.01,0,0.6,-0.1652,0.34,0.31,-0.005095076179,-0.002592036617,0.0009105609998,0.00516826502,0.001045942046,-0.001741082902,-0.01140783533,0.01145779562,-0.01602364947,115.14,63.35,R1
2014-03-12,-0.001606587352,-0.002152091749,0.003097650426,3.256639474e-05,0.001224603549,-0.003517325376,-0.003523157041,0.001079913712,-0.001544946486,-0.004792452072,-0.038,-0.0263,-0.0079,-0.017,-0.005,-0.0254,-0.0211,-0.0175,-0.0275,0,0.05,0.01,-0.33,-0.4392,0.23,0.53,0.0003051530741,-0.003978745354,-0.01184952724,0.002590705699,-0.001732999104,-0.01649407944,0.0001147249471,-0.08379446245,-0.004415018209,124.27,24.21,R1
2014-03-13,0.0001507272593,-0.001634357303,-0.002520616365,0.0002767715431,0.004772748946,0.003432715849,0.000331915417,-0.003784811223,0.00337228838,0.0002776466686,-0.0854,-0.0691,-0.0238,-0.065,-0.032,-0.0161,-0.0338,-0.031,-0.0175,-0.01,0.05,0.01,1.75,2.4058,-0.07,0.63,-0.01177009932,-0.008362447481,-0.001525569471,0.0123166424,0.01066480134,-0.004451122937,-0.01003063693,0.0102705456,-0.002954211897,84.94,45.47,R1
2014-03-14,-0.002187771986,-0.001834446679,0.003311499679,0.001983998569,-0.0003322443134,-0.007218101991,-0.00131083379,0.002614852038,0.0004521287807,-0.01261790581,0.0097,0.0149,0.0044,-0.001,0.011,0.0103,0.0077,0.001,0.0105,-0.03,0.05,0,1.6,5.3557,0.87,1.02,-0.002825787582,-0.006407922777,-0.005848342985,-0.008205207921,-0.007342984938,-0.002608804067,0.0009265694432,0.006112073357,0.004428051516,103.85,74,R1
2014-03-17,-0.0007681120562,-0.0007900454687,0.000574795245,0.0008282111925,0.006513961758,0.001022190131,-0.002328778969,-0.004784050285,-0.00362276699,0.009698763906,0.0378,0.0329,0.0162,0.025,0.029,0.0131,0.004,0.0025,0.017,0,-0.06,0.01,-2.18,-1.0011,-1.36,-0.45,0.009567743988,0.00777529129,0.005880149432,0.009470566908,0.009599846515,0.003691568072,0.005311177478,0.002704531736,0.004408530285,135.21,76.93,R1
2014-03-18,0.0003652415988,7.903264052e-05,0.0008615738615,0.002820510534,0.004392232822,-0.006448742213,-0.002404501259,0.007481893648,0.0006382907463,-0.00397071311,-0.0199,-0.0214,-0.012,-0.018,-0.011,-0.0016,-0.0087,-0.0075,-0.005,0.01,-0.02,-0.01,-1.12,-2.6272,-0.09,-0.5,0.007193658604,0.006959054182,0.009769555996,-0.002293766495,0.0007523088901,0.0009906128205,0.008371128524,0.02467614369,0.01888218772,194.08,77.69,R1
2014-03-19,0.007289457592,0.007685646259,-0.007274854715,0.002408957957,-0.009356664662,0.006108128253,0.005205378364,0.009207591981,0.01345996153,0.01279469382,0.1003,0.1607,0.0729,0.127,0.188,-0.0275,-0.0288,-0.026,-0.0235,0.02,-0.14,-0.02,0.6,6.4085,-0.37,0.22,-0.006150535593,-0.004477161357,-0.001986264952,-0.008105233384,-0.001710926972,0.001969740218,-0.007565373085,0.03368194039,0.005738896669,153.07,48.95,R1
2014-03-20,0.002459626553,0.001420433912,-0.003911347881,0.002242062991,-0.0003318400561,-0.008725088498,-0.01054398662,0.0005337603543,0.00527104055,0.001663656843,-0.0009,-0.0066,0.0002,0.02,0.035,-0.021,-0.0366,-0.035,-0.0215,0,0.05,-0.01,-0.6,-4.797,-0.19,-0.68,0.006022339367,-0.00225216481,-0.01045856547,-0.01611312857,-0.01407420548,-0.01698294997,0.003904460633,0.03196762339,0.01702168757,97.97,147.38,R1
2014-03-21,-0.001085485175,-0.002234418805,0.001088020997,-0.001564074975,0.004635769891,-0.001246534581,-0.0008837045467,-0.002047630362,-0.00264030913,0.0001010170582,-0.029,0.007,0.0048,-0.035,0.008,0.0066,0.0053,0.017,0.015,0.02,-0.02,-0.01,0.48,0,-0.23,-0.48,-0.002936985364,-0.0005683707865,0.004518319578,0.03383925847,0.02679630117,0.02407579359,-0.002180024958,-0.0136648089,0.001405481609,117.65,118.59,R1
2014-03-24,-0.002136979925,-0.001826520398,0.003256978235,-0.002569096332,0.005709909002,-0.0009036339607,-0.003453928953,-0.00258778532,-0.005467753954,-0.00548804324,-0.0145,0.0235,0.0084,-0.021,0.031,0.0064,-0.0079,-0.0105,0.0005,-0.01,-0.02,-0.01,0.09,-2.1064,0.06,1.1,-0.00487653895,-0.00449180139,0.009416245596,0.008188542647,0.009071750428,0.02799324521,-0.002069679939,0.001874414794,0,122.18,73.83,R1
2014-03-25,0.0001250953854,-0.0006489229091,-0.0009398157207,0.0008247689902,0.003606758377,-0.005006268278,0.003453928953,-0.0022362369,0.001411221937,-0.008689376638,0.0199,-0.0016,-0.0079,0.023,0.008,-0.0034,-0.0097,-0.0025,-0.0015,0,-0.01,0,-1.07,-0.3775,-0.33,-0.37,0.004394241921,0.005887964285,0.004800285312,-0.000969894284,0.0004993238427,-0.0004229895935,0.008937838805,-0.01509462622,-0.001405481609,140.59,17.16,R1
2014-03-26,0.001100165136,-0.00132865535,-0.00326004563,0.002776568849,0.006524599049,-0.003684362981,-0.02088676175,-0.005837728196,0.004155669521,-0.002686042596,-0.0561,-0.0566,0.0168,-0.051,-0.049,-0.0055,-0.0062,-0.0005,-0.0085,0.02,0.01,-0.01,0.91,-0.5599,-0.02,0.16,-0.007024971201,-0.0008157026219,0.0101105329,-0.001560238633,-0.001762777869,0.01625071777,-0.004688133908,-0.05336334287,0,108.48,63.13,R1
2014-03-27,0.00098661829,-0.0001772875017,-0.002979545099,0.0007573743644,0.00357046633,-0.019292075,-0.0036719194,-0.006415781281,-0.008461971847,-0.01164802709,-0.0109,0.0426,0.0039,0,0.016,-0.0103,0.003,0.0015,-0.0085,-0.01,0.03,0,-0.31,1.6478,0.11,0.28,-0.001901880841,-0.0007377262645,0.007265200311,-0.007090785841,-0.008311934845,0.00242354792,0.008104604604,-0.05778774048,-0.002816903271,87.17,50.81,R1
2014-03-28,0.0008110452322,0.001033734285,0.0008729812863,-0.0007090141778,-0.00129687687,0.001150391702,-0.002958179339,0.002715916933,0.0008993705013,-0.0006805228947,0.0398,0.0329,0.0039,0.04,0.032,-0.0015,-0.0011,0.0035,-0.005,0,-0.04,-0.01,-0.21,2.5128,-0.13,-0.12,0.004629512998,0.005261010759,0.009815403769,-0.001736433969,-0.002385344672,0.01290963749,0.01242813421,-0.02800901229,-0.00565772372,112.16,86.49,R1
2014-03-31,-0.0009483641431,-0.0004822763537,0.001235420382,0.001819866025,0.001836746235,0.00467641034,-0.001327671224,-0.0009949799564,-0.003101242982,-0.004225812129,-0.0028,-0.0295,-0.0313,-0.004,-0.042,0.0026,0.0063,0.0025,0.001,0.01,-0.01,0.01,-0.53,-0.1209,0.11,-0.11,0.007892887011,0.007212888504,0.009840650044,-0.002638272276,-0.0041256318,0.007299956908,0,-0.008043919059,-0.007117467769,85.82,45.06,R1
2014-04-01,-7.490917266e-05,0.0003051406377,0.001741528631,-0.001497524534,-0.001836746235,-0.004897536759,0.002181541396,-0.002355713692,-0.0008185972374,0.004764597606,0.0345,0.0132,0.0118,0.034,0.023,0,-0.0087,-0.01,0.002,0,-0.02,0,-0.78,-0.289,0.35,-0.72,0.007014659431,0.005855441933,0.006154050613,0.007801571566,0.006936960737,0.002298078974,0.005933406716,-0.03435737482,-0.008608374537,120.93,78.62,R1
2014-04-02,0.001509584901,0.00167169854,-0.001886793013,-9.669153795e-05,0.0001081373345,0.003488093256,0.004873065629,0.0008160675069,-0.002158292274,0.002670732547,0.052,0.061,0.0238,0.045,0.058,0.0078,0.0016,0.005,0.005,0.02,-0.05,-0.02,-0.01,4.749,0.18,-0.46,0.002849261279,0.002230687098,0.004168002205,0.008112682161,0.005614599422,-0.007499621406,0.003565463387,-0.03322051333,-0.004332136739,94.75,48.76,R1
2014-04-03,0.003236047382,0.002080798521,-0.003419801783,0.001690753593,-0.001731602164,0.004661193084,0.00693340433,0.0001812579305,0.005461984398,0.002898580032,-0.0073,0.0034,0.0001,-0.014,0.006,0.0026,-0.0027,0.0025,0.007,0.02,0,-0.01,0.28,-1.0702,-1.34,-0.18,-0.001127082642,-0.001375793374,-0.004787704768,-0.007234702751,-0.007451730808,0.007055883062,0.006430177366,-0.0303053495,-0.004350985834,63.3,55.73,R1
2014-04-04,-0.0006463722583,-0.0031916749,-0.001093892543,-0.0004183965817,0.006478105142,-0.01931314459,-0.003109583791,-0.004905533093,-0.0005831924117,-0.007432664218,-0.0765,-0.0988,-0.0433,-0.066,-0.069,-0.0069,-0.0208,-0.018,-0.008,-0.01,0.01,0,0.59,-6.4301,-0.17,-0.2,-0.01261651426,-0.005289490793,0.001867936474,0.00940592801,0.007375476849,0.001604648181,-0.003653477632,-0.02459140314,0.0115608224,59.55,56.51,R1
2014-04-07,-0.002377767141,-0.001969182933,0.002696106854,-0.000434674122,-0.00237043533,-0.007587528264,-0.006157755,-0.0005465476543,-0.001067289353,-0.00325262132,-0.0209,-0.0197,-0.0159,-0.009,-0.003,-0.0113,-0.0153,-0.0095,-0.014,0,0.04,0,1.61,-3.1141,0.36,0.14,-0.01080835183,-0.01016935558,0.002103490475,0,0,0.004626270778,-0.01688983721,-0.01589326637,0,56.96,83.61,R1
2014-04-08,-0.006000618066,-0.006049900322,0.003994340617,-0.003048020745,0.009661910912,-0.007781788353,-0.01210037543,-0.0047493011,-0.0029744023,-0.006135689981,-0.019,-0.0115,0.0001,-0.009,-0.001,-0.01,-0.0073,-0.008,-0.005,-0.01,0.04,0,-0.68,0.268,0.25,0.04,0.003743580244,0.002696311661,0.007283078769,0.02344781261,0.01898152183,0.01610780816,0.009989420293,-0.07709595749,-0.007209836567,115.94,154.81,R1
2014-04-09,-0.003366076177,-0.002889558399,0.004195001089,6.460470001e-05,0.003306493333,-0.006744773325,0.008489247795,-0.004036332422,-0.006531197401,-0.008310589552,0.009,-0.0427,-0.0318,-0.012,-0.066,0.0201,0.0159,0.0205,0.0075,0.01,-0.03,0,-1.07,-1.2092,-0.34,-1.16,0.01085898956,0.006918080115,0.003296619512,0.0005808835849,0.003308182041,0.005692065047,0.004568507584,-0.03427848346,0.002890175422,142.43,48.04,R1
2014-04-10,-0.001271504008,-0.0004575339003,0.002234960016,0.003063925509,0.002339928743,0.009149111362,-0.0110041873,0.005225773983,-0.001230416727,0.008988889243,-0.0424,-0.0328,-0.012,-0.04,-0.026,-0.002,-0.0037,-0.0045,-0.0095,0,-0.07,0,2.07,0.7157,0.17,0.23,-0.02110591507,-0.01154478949,0.006785945503,0.01557524427,0.0137106742,0.003900582052,-0.01399407108,-0.03062440278,-0.001444043572,85.11,37.87,R1
2014-04-11,0.000868826195,0.001292490809,-7.201757232e-05,3.220197076e-05,-0.001701223164,0.005242239048,0.01040409454,0.00401533666,0.0007755074905,0.001822441335,-0.0227,-0.0148,0.0039,-0.023,-0.007,0.0007,-0.0077,-0.008,0.012,0,0.06,0.01,1.14,3.2054,-0.33,0.13,-0.009532051443,-0.01072093607,-0.006185040187,-0.001359906733,-0.001762316622,-0.01868262786,-0.00282246871,-0.02658945419,0.001444043572,52.94,24.93,R1
2014-04-14,0.003480318375,0.001538866606,-0.004619946137,0.00191415325,0.002869137508,-0.002256216832,-0.0003092792908,-0.001640689457,0.005210621262,0.002152115331,0.0225,0.0377,0.012,0.03,0.043,-0.0067,-0.0065,-0.005,-0.009,0,-0.08,-0.01,-0.92,0.5117,0.32,0.15,0.008183683882,0.003612784522,-0.003660279249,-0.0009076329909,0.000467846584,0.001524000365,0.01358731812,-0.01305895002,-0.004338401599,125,160.58,R1
2014-04-15,0.0009277136287,0.001873225815,-0.0004342162465,0.0003374117339,-0.006600684031,0.008501884278,0.01166789949,0.001458523504,-0.001845823929,0.004735454944,-0.0189,0.0066,0,-0.029,-0.017,0.0091,0.0272,0.0225,0.004,0,0.02,0,-0.5,0.0348,0,0.76,0.006734582113,0.001403816057,-0.01176174185,-0.01740790546,-0.01414481881,-0.02123914975,0.0132951216,-0.01939826013,0.004338401599,129.57,46.8,R1
2014-04-16,0,0.0002277193913,7.2382469e-05,6.425599591e-05,0.0009608712638,0.00487053846,0.002137885386,0.003001503004,0.003186104583,0.0003691626203,-0.0001,0.0264,0,-0.023,0.005,0.0238,0.0215,0.0275,0.0225,-0.13,-0.02,-0.01,-1.43,-1.1656,0.19,-0.66,0.01043382589,0.01097996246,0.002596885199,0.001376067846,0.001673512451,0.0007196718926,0.01192509072,-0.03568059502,-0.01015237146,143.85,44.05,R1
2014-04-17,0.0003132223717,0.0005443361955,-0.0001447701776,-0.0002249140517,-0.004384799282,-0.003214575498,0.0001076716017,-0.0007268102437,0.00227436257,-0.007590439666,0.0933,0.0878,0.0282,0.045,-0.005,0.0467,0.0839,0.0695,0.0384,0,-0.05,0,-0.82,1.4563,0.03,0.52,0.001362968262,0.002974818217,0.006680875067,-0.003468447591,-0.002966696324,0.004401436999,0.009093924315,-0.00643089033,-0.01320635481,82.81,25.15,R1
2014-04-18,0.0002379834049,0.0002176515407,-7.239294896e-05,0.0001124633491,0.0003214917244,0,0,0.001906751384,0.0001837298842,0.001762618659,0,0.0001,0,0,-0.001,0.0001,0.0032,0.0035,0.0071,0,0,0,0,0,0,0,0,0.0004729958387,0.00262234885,-0.0001438434985,-0.0005418629782,0,0,0,0,95.14,51.83,R1
2014-04-21,0.001226594727,0.0005933544478,-0.001448960624,0.000674514616,-0.0005358769755,0,0.00114777631,-0.001270763537,0.002052138364,-0.001200148734,-0.0064,-0.0133,-0.004,0,0.279,-0.006,0.0223,-0.008,-0.012,0,0.01,-0.01,-0.11,-2.6504,-0.65,0.26,0.003767994738,0.001076877161,-0.001097580983,-0.01687813343,-0.01533424193,0,0.006766579709,0,0,89.93,61.87,R1
2014-04-22,-0.0005004692003,-0.0003164118918,0.0008696282887,0.001427826818,0.004172244619,0.000670555916,0.007748793436,0.001452169433,-0.001718170488,0.00520923629,-0.0046,0.0117,0.0081,-0.011,0.007,0.0053,0.0009,0.015,0.0015,-0.05,-0.04,0,-0.06,0.2668,0.53,-0.03,0.004083770843,0.005711950373,-0.00202032275,0.004356709027,0.003385159335,-0.0049236958,-0.001606942335,0.009630893061,-0.005925943268,135.49,51.29,R1
2014-04-23,-0.0006259389288,0.0002669791327,0.0008688726924,0.0001923600987,-0.008146684568,-0.007085866943,0.001102085185,0.0005440203235,0.000984555903,0.004059180586,-0.0118,-0.0083,0.0425,-0.014,-0.011,0.0037,0.0018,-0.0025,0.0045,0.03,0.05,0,0.08,-0.5173,-0.35,-0.58,-0.002215748695,-0.001624405709,-0.004899364338,-0.0009700624925,-0.002632233243,-0.01254910168,0.00523981309,0.01794243384,-0.0104556591,114.79,58.66,R1
2014-04-24,-0.0007015170593,-0.0004054408236,0.001012731568,0.002225478636,-0.002910268829,-0.003516685319,-0.005558341112,-0.0009975967816,0.0008836058359,0.002838245589,-0.0182,0.012,-0.004,-0.02,-0.021,0.0019,0.0344,-0.0135,-0.006,0,-0.02,0,0.05,1.2725,-0.1,0.25,0.001715503884,0.001136766172,0.0006672476284,-0.001915560864,-0.005018419203,0.003527116574,0.0003199146921,0.006256537614,-0.01208473922,66.79,51.78,R1
2014-04-25,-0.0006267706475,-1.978180667e-05,0.0002168805358,0.000639508879,0.001833378783,0.01345854956,0.001231912029,0.001631913327,0.003327347184,0.004537626335,-0.0182,-0.0115,-0.0078,0,0.001,-0.0189,-0.0114,-0.032,-0.027,0.01,0.02,0,0.74,0.2237,0.52,0.21,-0.008129365643,-0.00620541861,-0.01112229344,-0.01038946546,-0.01002267553,-0.01438067513,-0.005988682212,0.005184044788,-0.001520912841,125.74,62.12,R1
2014-04-28,-0.0008279392314,-0.0001285912827,0.001228102015,-0.0008314413194,-0.002481257004,-0.00926699413,-0.001571400834,-0.0009062897122,-0.002611032674,-0.003991646334,0.0382,0.0148,0.0019,0.051,0.03,-0.0126,-0.0163,0.018,-0.0065,0,-0.01,0,-0.09,1.0292,0.26,-0.51,0.003230795533,0.00113058237,-0.0002315665487,-0.01527407216,-0.01635281537,-0.002923022399,0.001714714813,-0.006224086483,-0.003048782849,116.31,86.12,R1
2014-04-29,0.001567486888,-0.0001088209254,-0.002819652665,0.001119086942,0.001079563961,0.005785158633,0.003086890315,-0.007736806444,0.0007657223133,-0.006457848308,-0.0092,-0.005,0.0059,0.002,0.001,-0.0107,-0.0065,-0.0175,-0.0275,0,-0.03,0,-0.26,0.8406,0.05,-0.25,0.004749512632,0.005800262459,0.006833773867,0.01094704232,0.008377146619,0.01148333693,0.004593779779,-0.01256561036,-0.006125593427,125.79,64.01,R1
2014-04-30,-0.004193825913,-0.002744219793,0.003974137244,-0.0009751341582,0.002047966224,-0.001611099028,0.006410904475,0.001643385744,-0.01011807376,-0.003339661548,-0.0454,-0.059,-0.0274,-0.058,-0.065,0.0123,0.0062,0.01,0.03,-0.02,0.03,0,-0.3,-1.0582,0.18,0.21,0.002987552325,0.003180898318,-0.004661171926,8.802144023e-05,0.002973784032,-0.01049918456,-0.0008530604058,-0.006342515976,-0.004618945856,182.05,35.13,R1
2014-05-01,0.0006666624985,0.0002083095686,0.000216317555,1.599347466e-05,-0.001400786825,0,0,-0.0005474952231,-0.0009753965424,-0.003446211154,-0.0326,-0.018,-0.0039,-0.037,-0.019,0.0042,0.0016,0.0025,0.005,0,0.02,0,-0.16,-0.0461,-0.93,-0.37,-0.0001433261761,0.001568915668,0.0007331930886,0,0,0,-0.002242752048,0.05166438141,-0.006191970248,79.18,70.5,R1
2014-05-02,-0.0001383273708,-0.0004960465195,-7.210065254e-05,0.0006555123223,0.0003234327019,-0.004803924205,-0.002854080522,0.001459321675,-0.001178471154,-0.0006295967927,-0.029,0.005,0.0159,-0.027,0.004,-0.002,0.0003,0.0138,-0.005,0,-0.01,-0.01,-0.34,-3.4947,-0.64,-0.3,-0.001349334303,-0.0008285543976,0.00738224819,0,0,0.002322520804,0.002029373193,0.023881732,0.004647568397,92.12,52.59,R1
2014-05-05,-0.0003773537485,-0.0001687118852,0.0004325259583,-0.002111966994,-0.0003234327019,0.01025328555,0.008432304664,-0.001550600028,0.003665533,0.006316130883,0.0225,0.0164,-0.0039,0.034,0.029,-0.0112,-0.0128,-0.0188,0,-0.03,0,0,0.38,0,0.75,0.66,0.001869457234,0.0004617078537,-0.00237477661,-0.001015033238,0.0004909082172,-0.006054531625,0.004683849312,0,0,63.88,82.21,R1
2014-05-06,-0.004956530241,-0.004994836461,0.003812542833,-0.003417380609,0.008268503484,-0.006883631687,-0.002273429186,-0.005492004651,-0.005975996036,-0.004476151337,-0.0154,-0.0016,0.0041,0.003,0.024,-0.0186,-0.0247,-0.0258,-0.031,0,0,0,0.51,3.3213,-0.59,-0.49,-0.00902899764,-0.003705585438,0.00291280743,0.000398720391,0.0003378219296,0,0.001485726687,0.004904374715,0.001544401851,111.76,98.03,R1
2014-05-07,0.001377175744,0.0009670843164,-0.001293196531,0.001926720997,-0.002569869709,-0.005802854726,-0.002791570568,0.0004588208385,-0.002180436106,-0.004314507041,-0.0036,-0.0263,-0.0238,-0.007,-0.032,0.0033,0.005,0.0038,0.011,0,0.01,0.01,-0.4,-1.3273,-0.25,0.38,0.005600759983,0.0003088289469,0.0005676075495,-0.009318638213,-0.008892808475,-0.009044927725,0.008658062743,0,0.01074453928,80.21,52.67,R1
2014-05-08,0.002005512677,-4.98268517e-05,-0.005045055746,-0.0003048169117,0.005133152112,-0.0006317974848,-0.02055662698,-0.006350396381,-0.00174438834,-0.01133271066,0.0283,-0.0262,-0.0119,-0.016,-0.033,0.0142,0.0074,0.015,0.0225,-0.03,0.01,0,0.03,0,-0.22,-0.53,-0.001374592634,0.00163164598,0.004321163006,-0.0008518964572,0.002579151552,0.008190641921,-0.01440092655,-0.01379332213,0.01515180502,121.4,125.36,R1
2014-05-09,0.006806335297,0.004335597416,-0.005942477086,0.0004010555837,-0.001387628979,-0.00112920358,0.003389589283,0.006166893307,0.002032004763,0.001179655909,0.0072,0.0032,-0.0039,0.011,0.006,-0.002,-0.003,0.004,-0.0105,-0.08,0,0,-0.51,-1.2472,-0.49,-0.11,0.001518336196,-0.00203551841,-0.001885108208,-0.0007448336297,-0.002055926985,-0.005189627267,-0.0009603586077,-0.01097267867,-0.001504891179,119.73,55.25,R1
2014-05-12,-2.503066256e-05,0.0005356717849,-7.268762496e-05,0.001250260634,0,0.0007228371672,-0.006265311325,-0.0001835367538,0.001453734324,0.0009562400215,0.0378,0.0346,0.012,0.05,0.044,-0.01,-0.0087,-0.007,-0.0045,-0.06,-0.05,-0.01,-0.69,0.0805,-0.35,-0.72,0.009626232903,0.006820145788,0.008760363723,0.02139183465,0.02054006187,0.01468526214,0.007021305441,-0.01008073053,-0.004528309625,93.84,77.42,R1
2014-05-13,0.003024170659,0.001694403426,-0.003860024457,-0.0009776346829,-0.0002136523884,0.0002709292891,-0.006687651,0.0007339449871,0.0004222010246,-0.004751568196,-0.0522,-0.0494,-0.016,-0.039,-0.032,-0.0149,-0.018,-0.0116,-0.026,0.01,0.02,0.01,-0.1,-0.0805,0.21,-0.43,0.000421707394,0.001833256724,0.006505603712,-0.002388115673,-0.001044449126,0.00283992235,0.003703511984,-0.005078731079,-0.004548908526,114.08,87.93,R1
2014-05-14,-0.0008738203981,-0.001277968106,0.0008023633677,-0.001652932726,0.001921230178,-0.005795805221,0.004239491789,-0.00137658903,0.0003713895075,-0.001699004792,-0.0662,-0.0493,-0.012,-0.078,-0.087,0.0142,0.0371,0.0341,0.012,-0.03,0.03,0,0.04,-0.8187,-0.14,0.15,-0.004712130812,-0.00188045882,0.009539270655,-0.001140959173,-0.001375091162,0.01368562646,0.0004223864899,0.02016197329,-0.001520912841,113.31,89.46,R1
2014-05-15,-0.0008745846281,0.0002477958571,-0.0003646308153,0.0007064414911,-0.002348671945,0.007555058669,0.004076941965,-0.0003674106774,0.004361928519,0.0111220159,-0.0534,-0.041,-0.0161,-0.07,-0.061,0.0153,0.0204,0.0255,0.0415,0.04,0.06,0,1,0.4488,-0.78,0.81,-0.009405875621,-0.007379058338,-0.003046564302,-0.01310818153,-0.01126289993,-0.002040791477,-0.01146752851,0.01878453652,-0.001523229541,60.23,64.81,R1
2014-05-16,0.0004998563017,-0.000892352598,-0.001167712875,0.0003369894041,0.0004274417676,-0.001623816324,-0.004222206347,-0.002207303389,-0.002742931943,-0.004941801914,0.0338,0.031,0.008,0.042,0.038,-0.0052,-0.006,-0.008,-0.01,0.01,0,0.01,-0.73,2.9747,-0.52,-0.53,0.00373995757,0.0008021319313,0.002765582413,0.0008717888306,0.0007552799609,-0.001594854249,-0.002566297388,0.005859391764,-0.006116227017,79.41,83.17,R1
2014-05-19,-0.000624859427,-0.0003373183226,0.001094770755,0.0007217379763,-0.00321027563,-0.0037085656,-0.005645308457,0.001288185677,-0.0003370748675,-3.86286818e-05,0.0214,-0.0082,-0.0162,0.034,0.01,-0.0138,-0.0196,-0.015,-0.0125,0.01,-0.02,0,-0.02,-0.5237,0.48,0.19,0.003837429701,0.001299869306,0.003366583102,-0.01446134061,-0.01057681252,-0.004032084953,0.003100114728,-0.004880439165,-0.004611845223,56.46,53.82,R1
2014-05-20,0.0005998725451,0.001130559946,-0.0005107438731,-1.603296377e-05,-0.009368506577,0.00397938483,0.009089649552,0.003029888009,0.003567225725,0.009046529392,-0.0339,-0.0378,-0.0081,-0.031,-0.036,-0.0041,-0.0018,-0.0061,-0.0025,0,0.01,0,0.54,1.8365,0.3,-0.16,-0.006519604456,-0.004679115167,-0.005345379592,0.0002978082751,0.001463134608,-0.003138464084,-0.002886004889,-0.01181116093,0.003076925504,77.74,69.59,R1
2014-05-21,0.0006744267628,0.0005846128098,-0.001095330352,-0.0006415294281,0.0008651455065,-0.003888768183,0,0.0003666361178,-0.001479190749,-0.007637548354,0.0214,0.0147,0.004,0.004,0.001,0.0179,0.0143,0.0186,0.015,0,0.01,0,-1.05,-0.8874,0.18,0.29,0.008083301566,0.005052737439,0.001697735629,0.009473972943,0.008347039713,0.01118444063,0.0107533642,-0.02202291209,0.02727441792,94.75,64.03,R1
2014-05-22,0.001983174851,0.001089044323,-0.002267491737,-0.0002888225687,-0.002706068654,0.006232800991,-0.00211958521,-0.001926341008,0.0007398688752,-0.004058604002,0.0179,0.0197,0.004,-0.022,-0.012,0.0404,0.0316,0.0295,0.0325,0,-0.01,0,0.12,-0.8928,-0.33,-0.38,0.002359464872,0.003462699568,0.009195134377,-0.002362438347,-0.001812054958,0.01135851328,-0.0009535414189,-0.02251886354,0.02217385749,58.46,33.53,R1
2014-05-23,0.001730502713,0.0008506093249,-0.001979110047,0.0005454837292,0.0005417998724,0.001035033731,0.00443331315,-0.002758368796,0.001847280825,-0.002724625595,-0.0178,-0.0184,-0.0002,-0.021,-0.012,0.0018,-0.0061,-0.0035,0.0006,0,0.03,0,-0.67,0,-0.16,0.54,0.004239372343,0.003291747066,0.001660181466,0.008197686633,0.006550555075,0.001135901476,-0.002016022753,-0.002072539602,0.01018190615,110.17,80.12,R1
2014-05-26,0,-0.000761558165,0.001246562948,0.0002886650864,0.0006497726025,0.0004496807343,0.0008843089882,-0.0001841620631,-0.0003188320705,0.005702544801,0,0,0,0,0,0,0,0,-0.0211,0,0,0,0,0,0,0,0,0.00308134035,-0.001036090578,0.003517342901,0.003389072795,0.0005353736928,0,0,0,43.23,32.79,R1
2014-05-27,-0.0005101247428,0.0008801903362,-0.0008064220957,0.002962016335,0.002378893855,0.006095666761,0.001982339809,-9.20937515e-05,-0.0007891268805,0.009282726532,-0.0179,0.0016,0.002,-0.008,0.015,-0.0116,-0.0137,-0.011,0.0155,-0.02,-0.03,0,0.15,-1.4566,0.21,1.69,0.005969947749,0.002632776342,-0.008637363793,-0.004043451641,-0.003391038816,-0.004317814374,0.002757744641,0.009292787575,-0.01311016592,68.71,50.23,R1
2014-05-28,0.002721800304,0.001550809053,-0.003232207324,0.001517632785,-0.002487159974,-0.00241589237,-0.007844169776,0.001564441491,0.003588019207,0.0008413645899,-0.0711,-0.0461,0.0208,-0.073,-0.042,0.0035,-0.0023,0.0025,0.0025,0,0.05,0,0.17,-1.6072,-0.08,-0.41,-0.001114690213,-0.0008904980933,0.005166323276,0.01022565859,0.007668969647,0.01135762302,0.001693301283,-0.01972041074,-0.01179954693,96.48,123.09,R1
2014-05-29,-0.0009561357944,-0.001857304282,0.0008090317802,-0.002765413337,0.007657913711,-0.003769694362,-0.003890631044,-0.003500372034,-0.001289534021,-0.004569082879,0.0213,0.0497,0.0098,-0.003,0.017,0.0239,0.008,0.0169,0.0295,0,-0.02,0,-0.11,1.2159,-0.47,-0.79,0.005352758739,0.004152781309,0.0003948249099,-0.006562616772,-0.004709574482,-0.001256915777,0.008528611843,-0.01478379618,-0.010440065,114.97,35.24,R1
2014-05-30,-0.001554117792,-0.0004945451769,0.002423175544,4.802036064e-05,0.0003222860854,0.007703715261,0.00686202453,0.000830143478,0.001021715734,0.01490388838,0.0115,0.0098,-0.002,0.032,0.026,-0.0196,-0.0132,-0.0069,-0.007,-0.06,-0.04,-0.01,-0.17,1.9149,0.06,0.33,0.001842023624,0.001125879895,-0.01059859993,0.0006030216204,-0.0006774828879,0.006310793202,-0.0007341759205,-0.006403437035,-0.01510602743,64.88,66.44,R1
2014-06-02,0.003415876574,0.003969238715,-0.002790836124,0.00116778526,-0.006898065723,0.01571489369,-0.0009955202415,0.004966440816,0.003759622785,0.01063159194,0.0508,0.0508,0.0138,0.062,0.064,-0.0119,-0.0142,-0.005,-0.01,0,-0.06,0.01,0.18,1.4325,-0.09,0.21,0.0007275486609,0.001217789193,0.00175968235,0,0,0,-0.001259842686,0,-0.009174376276,57.28,75.4,R1
2014-06-03,-0.00111663928,-0.0001084016182,0.002277319625,-0.0006237156059,0.002160761428,0.001711465037,0.0009955202415,0.0007336757482,0.001066826792,0.007124569699,0.0718,0.0525,0.0119,0.089,0.058,-0.0165,-0.0047,-0.0099,-0.02,-0.07,-0.02,-0.01,0.29,1.2128,0.01,-0.5,-0.0003792986139,-0.0008447201129,0.006245632639,-0.003037356215,-0.0004453689794,0.01148825239,0.003460755381,0.01487806403,-0.01548018529,84.4,225.3,R1
2014-06-04,0.001352214923,0.001181928454,-0.002130239172,0.0004478352041,0.001186431677,-0.001008971154,0.0007595486476,0.00292933201,0.0003664590107,0.0006781015276,0.0036,-0.0032,-0.0079,0.024,0.012,-0.0196,-0.0157,-0.0026,-0.018,-0.02,0,0,0.21,3.9695,-0.12,-0.26,0.001889868999,0.001130016022,-0.004605404968,-0.01012118901,-0.006630858239,-0.004863216188,-0.0005235876344,0.01153657263,-0.009404458028,76.47,46.18,R1
2014-06-05,-0.003626567309,-0.003856267754,0.004475593516,7.994947198e-05,0.00676803357,-0.007400914838,-0.002606572206,-0.001372056012,-0.003169310409,-0.007615515709,-0.0197,-0.0147,-0.0118,-0.029,-0.038,0.0097,0.0214,0.0275,0.0205,0.02,0.01,0,-0.4,0.2121,-0.27,-0.64,0.006504104783,0.004553699612,0.003668627703,0.01043742984,0.007892385531,0.004521726654,0.005744441093,0.01859557716,-0.007905179507,107.98,49.48,R1
2014-06-06,0.0004726956177,0.0008099645836,-0.001245284562,-0.001520134064,-0.0007497456571,-0.006432031401,-0.003722505456,0.00054904833,-0.006705246814,-0.009382060659,0.0045,0.0183,0.0198,-0.01,0.015,0.0113,0.005,0.005,0.018,0,-0.05,-0.01,-0.95,-5.8493,-0.64,-0.93,0.004617093474,0.005127075135,0.009567794668,-0.007411382435,-0.005365989479,-0.002278614905,0.008193791629,0.01220767958,0.007905179507,52.97,40.75,R1
2014-06-09,0.003029891429,0.001381351971,-0.003598050656,-0.00274207816,0.002461342138,-0.008177171952,0.0006183504789,-0.002473094917,0.004162546503,0.00511558256,0.0163,0.0331,0.02,0.007,0.008,0.0148,0.0258,0.0225,0.008,0.04,-0.04,-0.01,0.42,-1.9435,0.17,-0.45,0.0009382907903,0.0008702042071,0.003849299606,-0.0002061372694,0.0002689351809,0.006342868548,0.001548227589,0.01006044703,0.001573564447,75.93,66.76,R1
2014-06-10,0.002068458003,0.0007589310279,-0.003463398326,-0.001896588318,0.001815367042,-0.003055632826,0.007570991227,-9.171366999e-05,0.001221972214,0.005939962188,0.0407,0.0365,0.02,0.039,0.037,-0.0025,-0.0049,-0.0015,0.001,-0.01,-0.05,-0.01,-0.16,-0.4336,0.07,-0.4,-0.0002460238963,-0.0003802610019,0.008193537567,0.01256665861,0.01079109984,0.01070565464,-0.001651528038,0.004992521603,0.001571092232,114.52,52.35,R1
2014-06-11,-0.0003960200042,-0.0006406181691,-0.00110786968,0.001013032833,0.001066325544,0.005206942368,0.00113612809,-0.00321528916,0.004123579496,0.004678349306,-0.0045,-0.0115,-0.0079,-0.005,-0.015,0.0003,0.006,0.0031,-0.004,-0.01,0.01,0,0.61,-1.5237,-0.07,-0.01,-0.003543298663,-0.002377024763,-0.001466671345,-0.0002313722234,0.001176390526,-0.0009891950282,0.003815027569,-0.03136321807,0,130.06,125.44,R1
2014-06-12,-0.002627601224,-0.002675316143,0.001476886991,-0.001544078926,0.004572287194,0.001073921707,-0.000721201553,-0.001104769032,-0.001600667286,-0.007634551059,-0.0443,-0.0181,0.0061,-0.032,-0.023,-0.0139,0.008,0.0132,0.002,0,0.03,0,0.96,0.7189,4.5,0.55,-0.007114123964,-0.003303741553,-0.001231772297,-0.003412007445,-0.001575489513,-0.007329524705,0.00328778679,-0.03556860298,-0.003144656679,87.97,100.98,R1
2014-06-13,0,0.0011065336,-0.0008858704256,-8.048613631e-05,-0.0025493959,-0.005246295915,0.002467958343,-9.211920231e-05,0.0001835398161,0.0003840515613,0.0082,0.0102,0.0123,0.015,0.034,-0.01,-0.0255,-0.0168,-0.01,0.01,-0.02,0.01,-0.38,2.3017,0.3,-0.39,0.003129633956,0.0009963218017,-0.00532351011,0.01054598482,0.009218904286,0.008145681224,0.009494226797,-0.03577617317,0.009404458028,99.45,47.2,R1
2014-06-16,-0.00130396735,-0.0011065336,0.002507930797,0.001190533789,-0.0001063660055,0.005022657314,0.003502316004,-0.0009216590514,-0.0005841072921,0.007045930162,-0.0063,0.0034,0.0182,-0.01,0,0.0044,0.0036,0.0065,0,0,-0.02,0,0.47,-0.319,0.05,-0.11,0.0008363578653,-0.0001273811593,-0.002729764702,0.007151881404,0.007346248712,0.0004895644448,0.005976819697,-0.02911739857,0,135.31,55.79,R1
2014-06-17,0.001961515216,0.002921756316,-0.001991077683,0.002023869493,-0.006831065095,0.011784461,0.00407952041,0.001474247019,0.002151166044,0.007928904081,0.0553,0.0533,0.0122,0.025,0.015,0.0306,0.0383,0.0362,0.047,0.03,-0.04,-0.01,-0.59,0.319,-2.12,0.12,0.002170232592,0.001012810694,-0.002631819723,-0.01017541618,-0.009288042418,-0.00528664641,-0.0007072493349,-0.02531780798,0.01394290597,207.04,20.72,R1
2014-06-18,-0.000558267648,-0.003515046224,0.003536957486,-0.00102748532,0.007575389654,-0.01523482626,-0.002771546061,-0.002304467075,0.0009823265277,-0.01633372747,-0.0679,-0.078,-0.0362,-0.074,-0.099,0.0059,0.0253,0.0313,0.002,0,0.03,0,-1.45,1.0542,-0.12,-0.42,0.007689248112,0.005209862614,0.0009961209578,-0.00435575562,-0.005423793752,-0.002127104832,0.007551765235,0.01043487729,0.03328597763,144.56,59.16,R1
2014-06-19,-0.003318813992,-0.0006827188305,0.0009557770091,0.0005459830239,-0.001063490476,0,-0.002779248882,-0.001662510774,0.0182707696,0.007921129446,0.0362,0.0034,0.0042,0.013,-0.023,0.0247,0.0266,0.0281,0.029,-0.04,-0.03,0,0.01,-3.9117,0.77,2.37,0.001276663282,0.006104121438,0.005127702199,-0.01554910443,-0.01558355681,-0.008688193731,0.007096836223,0.03957554328,0.05781957089,104.75,81.39,R1
